-- phpMyAdmin SQL Dump
-- version 5.2.1
-- https://www.phpmyadmin.net/
--
-- Máy chủ: 127.0.0.1
-- Thời gian đã tạo: Th10 30, 2025 lúc 09:51 AM
-- Phiên bản máy phục vụ: 10.4.32-MariaDB
-- Phiên bản PHP: 8.1.25

SET SQL_MODE = "NO_AUTO_VALUE_ON_ZERO";
START TRANSACTION;
SET time_zone = "+00:00";


/*!40101 SET @OLD_CHARACTER_SET_CLIENT=@@CHARACTER_SET_CLIENT */;
/*!40101 SET @OLD_CHARACTER_SET_RESULTS=@@CHARACTER_SET_RESULTS */;
/*!40101 SET @OLD_COLLATION_CONNECTION=@@COLLATION_CONNECTION */;
/*!40101 SET NAMES utf8mb4 */;

--
-- Cơ sở dữ liệu: `foodreview`
--

-- --------------------------------------------------------

--
-- Cấu trúc bảng cho bảng `categories`
--

CREATE TABLE `categories` (
  `id` bigint(20) UNSIGNED NOT NULL,
  `name` varchar(255) NOT NULL,
  `image` varchar(255) DEFAULT NULL,
  `created_at` timestamp NULL DEFAULT NULL,
  `updated_at` timestamp NULL DEFAULT NULL
) ENGINE=InnoDB DEFAULT CHARSET=utf8mb4 COLLATE=utf8mb4_unicode_ci;

--
-- Đang đổ dữ liệu cho bảng `categories`
--

INSERT INTO `categories` (`id`, `name`, `image`, `created_at`, `updated_at`) VALUES
(1, 'Ăn vặt', 'https://cdn.dealtoday.vn/an-vat-sai-gon_18042023112709.jpg', '2025-09-21 19:33:59', '2025-09-21 19:33:59'),
(2, 'Cơm', 'https://statics.vinwonders.com/com-nieu-sai-gon_1733293964.jpg', '2025-09-21 19:34:23', '2025-09-21 19:34:23'),
(3, 'Phở-Bún', 'https://i-giadinh.vnecdn.net/2023/08/18/Bc9Thnhphm9-1692350453-3832-1692350464.jpg', '2025-09-21 19:34:34', '2025-09-21 19:34:34'),
(4, 'Trà sữa', 'https://www.bartender.edu.vn/wp-content/uploads/2022/04/tra-sua-nuong-hap-dan.jpg', '2025-09-21 19:34:44', '2025-09-21 19:34:44'),
(5, 'Đồ nướng', 'https://afamilycdn.com/150157425591193600/2023/12/31/photo-1704017947593-1704017947774980834849.jpg', '2025-09-21 19:34:54', '2025-09-21 19:34:54'),
(6, 'Cafe', 'https://caphehuongnguyen.com/wp-content/uploads/2021/07/ly-caphe-ngon.jpg', '2025-09-21 19:35:01', '2025-09-21 19:35:01'),
(7, 'Lẩu', 'https://cdn2.fptshop.com.vn/unsafe/1920x0/filters:format(webp):quality(75)/lau_ngon_0_814a9e82c0.jpg', '2025-09-21 19:35:09', '2025-09-21 19:35:09'),
(8, '🥗Tây Nguyên', 'https://haidangtravel.com/image/blog/am-thuc-tay-nguyen.jpg', NULL, NULL),
(9, 'Đồ chay', 'https://media.anhp.vn/files/nganpham/NGAN_071528798541.jpg', NULL, NULL);

-- --------------------------------------------------------

--
-- Cấu trúc bảng cho bảng `comments`
--

CREATE TABLE `comments` (
  `id` bigint(20) UNSIGNED NOT NULL,
  `user_id` bigint(20) UNSIGNED NOT NULL,
  `review_id` bigint(20) UNSIGNED NOT NULL,
  `content` text NOT NULL,
  `created_at` timestamp NULL DEFAULT NULL,
  `updated_at` timestamp NULL DEFAULT NULL
) ENGINE=InnoDB DEFAULT CHARSET=utf8mb4 COLLATE=utf8mb4_unicode_ci;

--
-- Đang đổ dữ liệu cho bảng `comments`
--

INSERT INTO `comments` (`id`, `user_id`, `review_id`, `content`, `created_at`, `updated_at`) VALUES
(5, 2, 5, 'không gian đẹp', '2025-09-23 19:30:23', '2025-09-23 19:30:23'),
(6, 3, 5, 'ngonn', '2025-09-27 22:35:33', '2025-09-27 22:35:33'),
(8, 4, 6, 'đồ ăn ngon', '2025-10-12 09:11:44', '2025-10-12 09:11:44'),
(12, 3, 7, 'ngom', '2025-10-12 18:20:57', '2025-10-12 18:20:57'),
(13, 3, 7, 'ngom', '2025-10-12 18:20:58', '2025-10-12 18:20:58'),
(14, 5, 5, 'quán sạch sẽ', '2025-10-15 02:56:53', '2025-10-15 02:56:53'),
(16, 2, 15, 'đồ ăn ngon, quán sạch sẽ', '2025-10-15 03:28:07', '2025-10-15 03:28:07'),
(17, 2, 14, 'ngonn', '2025-10-15 03:32:14', '2025-10-15 03:32:14'),
(18, 2, 13, 'trà sữa thơm, đậm vị', '2025-10-15 03:46:31', '2025-10-15 03:46:31'),
(19, 3, 12, 'không gian quán đẹp', '2025-10-15 03:50:28', '2025-10-15 03:50:28'),
(20, 3, 13, 'tôi sẽ quay lại quán 😋', '2025-10-15 04:14:49', '2025-10-15 04:14:49'),
(21, 3, 15, '😋', '2025-10-15 04:16:06', '2025-10-15 04:16:06'),
(23, 4, 13, 'ngon lắm', '2025-10-15 17:25:24', '2025-10-15 17:25:24'),
(24, 4, 13, 'ngon lắm', '2025-10-15 17:25:24', '2025-10-15 17:25:24'),
(25, 4, 15, 'wow', '2025-10-15 17:26:19', '2025-10-15 17:26:19'),
(26, 6, 15, 'đồ ăn tươi', '2025-10-16 22:24:48', '2025-10-16 22:24:48'),
(27, 2, 16, '🤤', '2025-10-16 23:48:40', '2025-10-16 23:48:40'),
(28, 2, 30, '🤤 ngon', '2025-10-17 21:42:15', '2025-10-17 21:42:15'),
(29, 2, 41, 'wwow', '2025-10-22 18:53:29', '2025-10-22 18:53:29'),
(30, 7, 41, 'siêu ngon', '2025-10-22 19:00:39', '2025-10-22 19:00:39'),
(31, 7, 40, 'không gian sạch', '2025-10-22 19:01:22', '2025-10-22 19:01:22'),
(32, 7, 40, 'ngôn ghê', '2025-10-22 19:30:00', '2025-10-22 19:30:00'),
(33, 5, 40, 'quán đẹp cơm ngon', '2025-10-22 19:31:16', '2025-10-22 19:31:16'),
(34, 5, 40, 'wow', '2025-10-22 19:31:32', '2025-10-22 19:31:32'),
(35, 7, 15, 'ngon lam', '2025-10-29 19:28:38', '2025-10-29 19:28:38'),
(36, 9, 30, 'ngonn', '2025-10-29 20:30:57', '2025-10-29 20:30:57');

-- --------------------------------------------------------

--
-- Cấu trúc bảng cho bảng `failed_jobs`
--

CREATE TABLE `failed_jobs` (
  `id` bigint(20) UNSIGNED NOT NULL,
  `uuid` varchar(255) NOT NULL,
  `connection` text NOT NULL,
  `queue` text NOT NULL,
  `payload` longtext NOT NULL,
  `exception` longtext NOT NULL,
  `failed_at` timestamp NOT NULL DEFAULT current_timestamp()
) ENGINE=InnoDB DEFAULT CHARSET=utf8mb4 COLLATE=utf8mb4_unicode_ci;

-- --------------------------------------------------------

--
-- Cấu trúc bảng cho bảng `favorites`
--

CREATE TABLE `favorites` (
  `id` bigint(20) UNSIGNED NOT NULL,
  `user_id` bigint(20) UNSIGNED NOT NULL,
  `restaurant_id` bigint(20) UNSIGNED NOT NULL,
  `created_at` timestamp NULL DEFAULT NULL,
  `updated_at` timestamp NULL DEFAULT NULL
) ENGINE=InnoDB DEFAULT CHARSET=utf8mb4 COLLATE=utf8mb4_unicode_ci;

--
-- Đang đổ dữ liệu cho bảng `favorites`
--

INSERT INTO `favorites` (`id`, `user_id`, `restaurant_id`, `created_at`, `updated_at`) VALUES
(4, 3, 5, '2025-09-28 07:05:12', '2025-09-28 07:05:12'),
(6, 2, 2, '2025-10-06 21:00:11', '2025-10-06 21:00:11'),
(7, 4, 4, '2025-10-12 07:25:19', '2025-10-12 07:25:19'),
(8, 4, 2, '2025-10-12 07:29:47', '2025-10-12 07:29:47'),
(9, 4, 3, '2025-10-12 07:44:25', '2025-10-12 07:44:25'),
(10, 5, 4, '2025-10-12 17:26:47', '2025-10-12 17:26:47'),
(11, 5, 7, '2025-10-12 17:26:55', '2025-10-12 17:26:55'),
(13, 3, 14, '2025-10-15 06:47:37', '2025-10-15 06:47:37'),
(14, 6, 32, '2025-10-16 23:42:23', '2025-10-16 23:42:23'),
(15, 6, 14, '2025-10-16 23:45:11', '2025-10-16 23:45:11'),
(16, 6, 56, '2025-10-16 23:45:43', '2025-10-16 23:45:43'),
(17, 6, 17, '2025-10-16 23:45:54', '2025-10-16 23:45:54'),
(18, 2, 56, '2025-10-16 23:47:56', '2025-10-16 23:47:56'),
(19, 2, 14, '2025-10-17 21:37:09', '2025-10-17 21:37:09'),
(20, 2, 5, '2025-10-22 18:41:02', '2025-10-22 18:41:02'),
(21, 2, 31, '2025-10-22 18:49:27', '2025-10-22 18:49:27'),
(22, 7, 4, '2025-10-22 18:58:13', '2025-10-22 18:58:13'),
(23, 7, 43, '2025-10-22 19:01:32', '2025-10-22 19:01:32'),
(24, 7, 41, '2025-10-22 19:01:37', '2025-10-22 19:01:37'),
(25, 5, 43, '2025-10-22 19:38:00', '2025-10-22 19:38:00'),
(26, 3, 16, '2025-10-29 19:23:49', '2025-10-29 19:23:49'),
(27, 3, 45, '2025-10-29 19:24:29', '2025-10-29 19:24:29'),
(28, 3, 38, '2025-10-29 19:24:42', '2025-10-29 19:24:42'),
(29, 3, 7, '2025-10-29 19:25:29', '2025-10-29 19:25:29'),
(30, 8, 15, '2025-10-29 19:32:03', '2025-10-29 19:32:03'),
(31, 8, 32, '2025-10-29 19:32:29', '2025-10-29 19:32:29'),
(32, 8, 20, '2025-10-29 19:33:04', '2025-10-29 19:33:04'),
(33, 8, 46, '2025-10-29 19:33:12', '2025-10-29 19:33:12'),
(34, 8, 26, '2025-10-29 19:33:53', '2025-10-29 19:33:53'),
(35, 9, 15, '2025-10-29 20:28:35', '2025-10-29 20:28:35'),
(36, 9, 34, '2025-10-29 20:29:28', '2025-10-29 20:29:28'),
(37, 9, 31, '2025-10-29 20:29:35', '2025-10-29 20:29:35'),
(38, 3, 2, '2025-10-29 23:56:40', '2025-10-29 23:56:40');

-- --------------------------------------------------------

--
-- Cấu trúc bảng cho bảng `likes`
--

CREATE TABLE `likes` (
  `id` bigint(20) UNSIGNED NOT NULL,
  `user_id` bigint(20) UNSIGNED NOT NULL,
  `review_id` bigint(20) UNSIGNED NOT NULL,
  `created_at` timestamp NULL DEFAULT NULL,
  `updated_at` timestamp NULL DEFAULT NULL
) ENGINE=InnoDB DEFAULT CHARSET=utf8mb4 COLLATE=utf8mb4_unicode_ci;

--
-- Đang đổ dữ liệu cho bảng `likes`
--

INSERT INTO `likes` (`id`, `user_id`, `review_id`, `created_at`, `updated_at`) VALUES
(2, 2, 5, '2025-09-27 21:36:07', '2025-09-27 21:36:07'),
(3, 2, 6, '2025-09-27 21:42:20', '2025-09-27 21:42:20'),
(4, 3, 6, '2025-09-27 22:13:57', '2025-09-27 22:13:57'),
(7, 3, 5, '2025-09-28 17:23:07', '2025-09-28 17:23:07'),
(9, 2, 8, '2025-10-06 21:04:08', '2025-10-06 21:04:08'),
(10, 2, 7, '2025-10-06 21:04:15', '2025-10-06 21:04:15'),
(12, 4, 7, '2025-10-12 08:25:36', '2025-10-12 08:25:36'),
(14, 4, 5, '2025-10-12 08:38:07', '2025-10-12 08:38:07'),
(15, 5, 12, '2025-10-12 17:46:06', '2025-10-12 17:46:06'),
(16, 3, 15, '2025-10-15 04:26:12', '2025-10-15 04:26:12'),
(17, 3, 12, '2025-10-15 06:29:18', '2025-10-15 06:29:18'),
(18, 6, 15, '2025-10-15 20:15:28', '2025-10-15 20:15:28'),
(19, 6, 13, '2025-10-15 20:15:33', '2025-10-15 20:15:33'),
(20, 2, 16, '2025-10-16 23:48:25', '2025-10-16 23:48:25'),
(21, 2, 30, '2025-10-17 21:41:59', '2025-10-17 21:41:59'),
(22, 7, 41, '2025-10-22 19:00:29', '2025-10-22 19:00:29'),
(23, 7, 40, '2025-10-22 19:01:10', '2025-10-22 19:01:10'),
(24, 5, 40, '2025-10-22 19:37:33', '2025-10-22 19:37:33'),
(25, 3, 45, '2025-10-29 19:26:55', '2025-10-29 19:26:55'),
(26, 3, 40, '2025-10-29 19:27:01', '2025-10-29 19:27:01'),
(27, 3, 33, '2025-10-29 19:27:10', '2025-10-29 19:27:10'),
(28, 7, 35, '2025-10-29 19:28:12', '2025-10-29 19:28:12'),
(29, 8, 15, '2025-10-29 19:31:51', '2025-10-29 19:31:51'),
(30, 8, 35, '2025-10-29 19:32:09', '2025-10-29 19:32:09'),
(31, 9, 35, '2025-10-29 20:30:05', '2025-10-29 20:30:05'),
(32, 9, 30, '2025-10-29 20:30:54', '2025-10-29 20:30:54'),
(33, 3, 30, '2025-10-29 23:58:10', '2025-10-29 23:58:10');

-- --------------------------------------------------------

--
-- Cấu trúc bảng cho bảng `migrations`
--

CREATE TABLE `migrations` (
  `id` int(10) UNSIGNED NOT NULL,
  `migration` varchar(255) NOT NULL,
  `batch` int(11) NOT NULL
) ENGINE=InnoDB DEFAULT CHARSET=utf8mb4 COLLATE=utf8mb4_unicode_ci;

--
-- Đang đổ dữ liệu cho bảng `migrations`
--

INSERT INTO `migrations` (`id`, `migration`, `batch`) VALUES
(1, '2014_10_12_000000_create_users_table', 1),
(2, '2014_10_12_100000_create_password_reset_tokens_table', 1),
(3, '2016_06_01_000001_create_oauth_auth_codes_table', 1),
(4, '2016_06_01_000002_create_oauth_access_tokens_table', 1),
(5, '2016_06_01_000003_create_oauth_refresh_tokens_table', 1),
(6, '2016_06_01_000004_create_oauth_clients_table', 1),
(7, '2016_06_01_000005_create_oauth_personal_access_clients_table', 1),
(8, '2019_08_19_000000_create_failed_jobs_table', 1),
(9, '2019_12_14_000001_create_personal_access_tokens_table', 1),
(10, '2025_09_08_103516_create_restaurants_table', 1),
(11, '2025_09_08_103847_create_reviews_table', 1),
(12, '2025_09_08_104650_create_review_images_table', 1),
(13, '2025_09_08_104840_create_likes_table', 1),
(14, '2025_09_08_104846_create_comments_table', 1),
(15, '2025_09_08_104851_create_favorites_table', 1),
(16, '2025_09_10_124320_add_image_url_to_restaurants_table', 2),
(17, '2025_09_15_155523_create_categories_table', 3),
(18, '2025_09_15_160039_add_category_id_to_restaurants_table', 3),
(20, 'add_categoryid_to_restaurants', 4),
(21, 'add_imade_to_category', 4);

-- --------------------------------------------------------

--
-- Cấu trúc bảng cho bảng `oauth_access_tokens`
--

CREATE TABLE `oauth_access_tokens` (
  `id` varchar(100) NOT NULL,
  `user_id` bigint(20) UNSIGNED DEFAULT NULL,
  `client_id` bigint(20) UNSIGNED NOT NULL,
  `name` varchar(255) DEFAULT NULL,
  `scopes` text DEFAULT NULL,
  `revoked` tinyint(1) NOT NULL,
  `created_at` timestamp NULL DEFAULT NULL,
  `updated_at` timestamp NULL DEFAULT NULL,
  `expires_at` datetime DEFAULT NULL
) ENGINE=InnoDB DEFAULT CHARSET=utf8mb4 COLLATE=utf8mb4_unicode_ci;

--
-- Đang đổ dữ liệu cho bảng `oauth_access_tokens`
--

INSERT INTO `oauth_access_tokens` (`id`, `user_id`, `client_id`, `name`, `scopes`, `revoked`, `created_at`, `updated_at`, `expires_at`) VALUES
('005a48653e6b26388bf23dc8adeadd086554e25e595e88393e0cf7ba4de3ff6afc8b44c9bc16af83', 1, 1, 'MyAppToken', '[]', 0, '2025-09-09 02:04:50', '2025-09-09 02:04:50', '2026-09-09 09:04:50'),
('0207e57d4a9ca1b1db28c1936b1e1793c3fac098d1d8be2ff3ba99649c906777669293918facd84b', 2, 1, 'MyAppToken', '[]', 0, '2025-09-14 08:51:02', '2025-09-14 08:51:02', '2026-09-14 15:51:02'),
('0280762b89d338dc89423fbe51615cbe9dbb070dd0692768a4e68c634d1de6660a9ac7347bc06364', 3, 1, 'MyAppToken', '[]', 0, '2025-09-16 22:25:32', '2025-09-16 22:25:32', '2026-09-17 05:25:32'),
('0332bd3af8a61d8a03f98a78ed9b7d44856373dc936eaff50ab2d0c2682e7686f2cc6fec7af3aaae', 10, 1, 'MyAppToken', '[]', 0, '2025-10-29 23:44:36', '2025-10-29 23:44:37', '2026-10-30 06:44:36'),
('05add314724cfbfaa39ad8dc32cb6919249417b8c4b2b1c3f3d6b6d202dd3eb18067b038250e0bbe', 1, 1, 'MyAppToken', '[]', 0, '2025-09-09 02:48:37', '2025-09-09 02:48:37', '2026-09-09 09:48:37'),
('05f429eead6b2087dc83520e458af371487bfae5768b9fc320ed7419e0d2d5dae81989790e00ae4d', 1, 1, 'MyAppToken', '[]', 0, '2025-09-08 07:59:05', '2025-09-08 07:59:05', '2026-09-08 14:59:05'),
('085b643f7b17557202529c6e352b2afe9b23fbe4338361c71831005192e86750cb22d248f303e3dd', 1, 1, 'MyAppToken', '[]', 0, '2025-09-09 02:09:06', '2025-09-09 02:09:06', '2026-09-09 09:09:06'),
('08bd79150263e38e655cbd40d26ade9ba067411e8ac8013bd919eab0b2ed1ecd94a4ec1f57e9a4aa', 3, 1, 'MyAppToken', '[]', 0, '2025-10-12 06:58:20', '2025-10-12 06:58:20', '2026-10-12 13:58:20'),
('09f73a1e9c0ace30ef474021d0c88598c5cdad84f1338d5037263a36871717c6cb99e959818b7a97', 3, 1, 'MyAppToken', '[]', 0, '2025-10-01 20:03:01', '2025-10-01 20:03:01', '2026-10-02 03:03:01'),
('0d657ece919367809146e9fff05239433e8e654652605e45e3f278d73ff0f8842ab3a3d8891fe4a6', 4, 1, 'MyAppToken', '[]', 0, '2025-10-15 07:45:08', '2025-10-15 07:45:08', '2026-10-15 14:45:08'),
('0db2b7e7f427c2d24eda1a0c78c539eeed13ccc1e52f4ef45373a6212ef1d52a82f8318014f6ddcc', 1, 1, 'MyAppToken', '[]', 0, '2025-09-08 07:51:33', '2025-09-08 07:51:33', '2026-09-08 14:51:33'),
('0decd92518492b024a46ec76a76fccc83e35da01a1af692cb94f21a6dd4da9321e4bbfffca00c211', 6, 1, 'MyAppToken', '[]', 0, '2025-10-15 20:02:48', '2025-10-15 20:02:48', '2026-10-16 03:02:48'),
('12c82639c5a2b61add6e12d5675d664c45912612c9a99e7f47c990cf17fd9fcf8ff8f3a1d451c61a', 1, 1, 'MyAppToken', '[]', 0, '2025-09-09 02:41:35', '2025-09-09 02:41:35', '2026-09-09 09:41:35'),
('15098e7a612c32a065824bd614bd2577ec0441eeeb711db724ed66456103ddbd53aa3f13a937c604', 2, 1, 'MyAppToken', '[]', 0, '2025-09-15 18:30:23', '2025-09-15 18:30:23', '2026-09-16 01:30:23'),
('15da9b8cd85a94e797ca0c94ccf675d70fe9b835fb12e79e34bbf0c11ab0766598e3f13410fa8c8c', 2, 1, 'MyAppToken', '[]', 0, '2025-10-29 19:57:43', '2025-10-29 19:57:43', '2026-10-30 02:57:43'),
('16fc2e92aa210077ccbeed60e139a9d49f30a8dc0c5b308e579161a984d9d50cead0e5c51159c09c', 3, 1, 'MyAppToken', '[]', 0, '2025-10-29 19:23:00', '2025-10-29 19:23:00', '2026-10-30 02:23:00'),
('1a21dc436df875e1ca3b8282b4901379fc7af7f52d67e40119e339d35a44d4ed4acfc9fc3c290f2a', 3, 1, 'MyAppToken', '[]', 0, '2025-10-03 08:51:00', '2025-10-03 08:51:00', '2026-10-03 15:51:00'),
('1add612614619b0f1e5baef7b0b5b8198fc05744f9ad3d906f0f76ca147ec73c36b99b9078a8f178', 5, 1, 'MyAppToken', '[]', 0, '2025-10-12 19:26:47', '2025-10-12 19:26:47', '2026-10-13 02:26:47'),
('1b4ac58bbe3b58fb419ef823575bfa1dc7d24a7667c4c2113c6e860108a720cc1891d8e77a970276', 2, 1, 'MyAppToken', '[]', 0, '2025-09-10 20:15:10', '2025-09-10 20:15:10', '2026-09-11 03:15:10'),
('1cab5ea6e9d09823d23ee3c362eac68454b0f57c73103802ac3dbe89be8b3e79783392029519bc30', 1, 1, 'MyAppToken', '[]', 0, '2025-09-08 08:54:12', '2025-09-08 08:54:12', '2026-09-08 15:54:12'),
('1eb706b938b6fb84cfe548a980a4e0ccb9db7cf20889a19fe95b086f769ea9c7a7fb97b753bba9cb', 2, 1, 'MyAppToken', '[]', 0, '2025-09-10 06:27:14', '2025-09-10 06:27:14', '2026-09-10 13:27:14'),
('21582b06f6c664a1424e4eb67eb6242ddd868610fa8d1905eeed95e6c2f3ceba6af8a16e47dd0d84', 9, 1, 'MyAppToken', '[]', 0, '2025-10-29 20:27:58', '2025-10-29 20:27:58', '2026-10-30 03:27:58'),
('258de2a82a3a9ce442ebdf0156b8e417cb893fda7899058438e9a50dcfa2dfb4aec8917bbba62d80', 1, 1, 'MyAppToken', '[]', 0, '2025-09-08 07:25:05', '2025-09-08 07:25:05', '2026-09-08 14:25:05'),
('26c72093195b5376a129b693b5317e91de6407838e3a441d992ded65ec2021c80c343254ae2d79de', 2, 1, 'MyAppToken', '[]', 0, '2025-09-11 06:34:47', '2025-09-11 06:34:48', '2026-09-11 13:34:47'),
('27432e6e05d4ca6dcece6040c3e9c9bc34cbd334548ca498104288ae042d01b6946dc05191680279', 2, 1, 'MyAppToken', '[]', 0, '2025-10-12 11:20:53', '2025-10-12 11:20:53', '2026-10-12 18:20:53'),
('28122e30b5f08b75fa91e6ea9a1e3792e8e6f217df7757da2f0d3d4d1828f6e491959a2c278d82f6', 2, 1, 'MyAppToken', '[]', 0, '2025-09-14 07:19:52', '2025-09-14 07:19:53', '2026-09-14 14:19:52'),
('2873e994226c7798e3412bf25d1f29421e9c62b2a5f5c7d6f45811539217b6b013b0eb4d26e1573a', 5, 1, 'MyAppToken', '[]', 0, '2025-10-23 02:10:12', '2025-10-23 02:10:13', '2026-10-23 09:10:12'),
('29136cecd0036738f56f93f2ca79015bc25c8b027a3d288801bd92bc74d3e3f3872da58294c75850', 2, 1, 'MyAppToken', '[]', 0, '2025-09-10 07:19:57', '2025-09-10 07:19:57', '2026-09-10 14:19:57'),
('2bd0f5dc417f7d49c80bc313138556361cd3ec6e57e85776272c32be2a453384af5cf4d3c1159be5', 3, 1, 'MyAppToken', '[]', 0, '2025-10-15 03:49:43', '2025-10-15 03:49:43', '2026-10-15 10:49:43'),
('2c307b46c2de9674ce7e1ee9ec348008adb2db09cca102165fece56d1dec57508be8eef096f2121b', 3, 1, 'MyAppToken', '[]', 0, '2025-10-01 20:19:34', '2025-10-01 20:19:34', '2026-10-02 03:19:34'),
('2f7962e2308380991c113ea3d2727e26265c18f46989e2c27081f77ab8369148b9adb67372c9aa53', 2, 1, 'MyAppToken', '[]', 0, '2025-09-10 07:50:22', '2025-09-10 07:50:22', '2026-09-10 14:50:22'),
('34bef8efe66ce9afaab0544973fca9ad1f2f31c2132051df88b7a7776f8d49ff8f47f7d2d66a0aab', 8, 1, 'MyAppToken', '[]', 0, '2025-10-29 19:31:24', '2025-10-29 19:31:24', '2026-10-30 02:31:24'),
('352935edc5164139365fa77b3a326ba368b080c3185f2ce2a27658efa2ed7291ddca547da4169a72', 2, 1, 'MyAppToken', '[]', 0, '2025-09-09 02:52:24', '2025-09-09 02:52:24', '2026-09-09 09:52:24'),
('3560c8a22db7c1e103f569b8ed1d100bee1a7a5709fb667d800ed762815ed278645e9a7be2955a54', 3, 1, 'MyAppToken', '[]', 0, '2025-10-12 11:19:29', '2025-10-12 11:19:29', '2026-10-12 18:19:29'),
('35646cff2fe73dbac99f63f8de52b2ccdfea66f38457c23413b0057d26142d0ca7305b6413cf746c', 2, 1, 'MyAppToken', '[]', 0, '2025-09-15 07:37:52', '2025-09-15 07:37:53', '2026-09-15 14:37:52'),
('35a56b560d61c8869a24ca1af41838b81094dac9c535f60b660e68af43510d4fae882e8f07890485', 7, 1, 'MyAppToken', '[]', 0, '2025-10-22 18:54:57', '2025-10-22 18:54:58', '2026-10-23 01:54:57'),
('382ff1b39a75e10c12ac9d138a897116430c0ced6dd252045d80f1c22371c30bcee88c7c220f7dd3', 1, 1, 'MyAppToken', '[]', 0, '2025-09-09 02:42:50', '2025-09-09 02:42:50', '2026-09-09 09:42:50'),
('388cb76d4f1f8ca9955cb9aa2ceeb366971bdf18abe59348e5e172d0a86eda002f7bdb6ca85341a9', 2, 1, 'MyAppToken', '[]', 0, '2025-09-14 08:54:30', '2025-09-14 08:54:30', '2026-09-14 15:54:30'),
('3a166c450cf66a0f8a644c782f7094f549f24f9340ff6e2c2d9ac6bb28273a147a0895815f78eec0', 2, 1, 'MyAppToken', '[]', 0, '2025-09-17 17:20:38', '2025-09-17 17:20:38', '2026-09-18 00:20:38'),
('3b5200d3be2e849977d902c6463f41c32846007f324be5d9cc3ac9ee58a25092aefefc2a4ead4ba4', 1, 1, 'MyAppToken', '[]', 0, '2025-09-09 02:46:50', '2025-09-09 02:46:50', '2026-09-09 09:46:50'),
('3d19ff40c09fb19e83d7f822fca272135736d28e0dd2ed1271f6f57c5fb7dea7e52a103a29f3e3ef', 3, 1, 'MyAppToken', '[]', 0, '2025-10-12 17:32:32', '2025-10-12 17:32:32', '2026-10-13 00:32:32'),
('3e66eccd5a3c7aec956ec89e330d7c3da17e9f0a4838ce05aaa279445251d490d76e844388b46cc9', 3, 1, 'MyAppToken', '[]', 0, '2025-10-06 07:27:51', '2025-10-06 07:27:51', '2026-10-06 14:27:51'),
('40a3f82e983c177b23a56b098b88c6ca79cf8bd445f2e154ca003ae88620cacceff75b90e24dabed', 10, 1, 'MyAppToken', '[]', 0, '2025-10-29 23:44:54', '2025-10-29 23:44:54', '2026-10-30 06:44:54'),
('4136a00ecc9691ad19a0f6923ee2924c6344bd05b3ddb8ac0ba49d4ece6828c2a2529f4051cde93e', 2, 1, 'MyAppToken', '[]', 0, '2025-10-15 03:16:18', '2025-10-15 03:16:18', '2026-10-15 10:16:18'),
('44c80bd62dd8b44c854ab015a88cd8a550a1286f60bb73dab09623c83c750197d33d455abfc4c2a8', 3, 1, 'MyAppToken', '[]', 0, '2025-10-12 00:58:52', '2025-10-12 00:58:52', '2026-10-12 07:58:52'),
('46614eec834b084c419a1f2e44e9d9a33d46b689b78344a2dc23f64ed6a3511749d32ede7c262840', 2, 1, 'MyAppToken', '[]', 0, '2025-09-14 18:25:51', '2025-09-14 18:25:51', '2026-09-15 01:25:51'),
('466c0c02810fa9a4017289b41ac76942ac64cefc7068c13649630b4897bb896f832be73f941d2be4', 3, 1, 'MyAppToken', '[]', 0, '2025-10-01 20:01:09', '2025-10-01 20:01:10', '2026-10-02 03:01:09'),
('47cb7d2b46e8f67024bc621274e2e0a1d000968b5d275d3086325bc5c33b89dfc1cce24bcb654392', 3, 1, 'MyAppToken', '[]', 0, '2025-09-23 06:27:57', '2025-09-23 06:27:57', '2026-09-23 13:27:57'),
('4b41e23ec365991773d277940872e43f9a078dc590023226200d4fc1459e5e43d9f9c49431c4cff5', 5, 1, 'MyAppToken', '[]', 0, '2025-10-29 23:46:02', '2025-10-29 23:46:02', '2026-10-30 06:46:02'),
('4dcb0311691b47dfc28b8fc6f10082feffd48f490a546fa871307f6f0aa0301baf54d38939a36da0', 2, 1, 'MyAppToken', '[]', 0, '2025-09-11 00:14:35', '2025-09-11 00:14:36', '2026-09-11 07:14:35'),
('4f00caa85164a0b40eb2b24af8ddb7b04d69721421af450324cd39b5d2d09d7aa7d66c7fa4940b43', 1, 1, 'MyAppToken', '[]', 0, '2025-09-09 02:09:22', '2025-09-09 02:09:22', '2026-09-09 09:09:22'),
('4fc6abec70f14a266e076bfc7bfa188be8ab8ea2393057e7edc7772824bc069ea0ed097c9a838a39', 2, 1, 'MyAppToken', '[]', 0, '2025-09-16 20:51:56', '2025-09-16 20:51:56', '2026-09-17 03:51:56'),
('4ff62e03d68d0ddf1590a62376ec440ae9d364c2d35030ec0ce8953f29ea1bb620a4b6017124cd06', 2, 1, 'MyAppToken', '[]', 0, '2025-09-10 07:10:25', '2025-09-10 07:10:25', '2026-09-10 14:10:25'),
('511450f9b945c5ca05724b5693526f2a6343a60d895ce2255d4354a78a0bf7771ed6acc5365eb4d1', 2, 1, 'MyAppToken', '[]', 0, '2025-09-10 07:46:09', '2025-09-10 07:46:09', '2026-09-10 14:46:09'),
('524594c2c1b01738de69fe5c24e9293a33334c9959a01759848ea52921fcc3fea2411168257b4881', 1, 1, 'MyAppToken', '[]', 0, '2025-09-15 08:36:02', '2025-09-15 08:36:02', '2026-09-15 15:36:02'),
('5396d3a97be4cc92d4bfe801c346e4023323014d9ad4924a9cfafb374f4824f51c038fece2a9bbda', 1, 1, 'MyAppToken', '[]', 0, '2025-09-08 07:27:55', '2025-09-08 07:27:55', '2026-09-08 14:27:55'),
('542078675f93ab608115e0ac2e356e371f215814558ea80763fd27a67f652eaf5f052335fb354e8a', 2, 1, 'MyAppToken', '[]', 0, '2025-09-09 23:53:17', '2025-09-09 23:53:18', '2026-09-10 06:53:17'),
('56c04fdc6daa2b00118fcfce4ea52dd7db6be735d00b97dcf104fdad4f88e0c9418ba8872f066631', 3, 1, 'MyAppToken', '[]', 0, '2025-09-17 17:17:43', '2025-09-17 17:17:44', '2026-09-18 00:17:43'),
('5845510cf0dd4f3a3fbdac4d9e32d7774652b8c48b24832d21f1cfe28a0c6db319d8735a9fd3b076', 3, 1, 'MyAppToken', '[]', 0, '2025-10-03 09:25:50', '2025-10-03 09:25:50', '2026-10-03 16:25:50'),
('589b05b6aa3a23fb90ff00d7e086ed229061db1c07748af4bcfece4573f80891b9628f1088370908', 2, 1, 'MyAppToken', '[]', 0, '2025-09-15 18:15:04', '2025-09-15 18:15:06', '2026-09-16 01:15:04'),
('59cd41f6ad0486062e52f0bcea01d90a279199c8ecd1a1bed26086dde9bad33bac890f874cee557a', 3, 1, 'MyAppToken', '[]', 0, '2025-09-28 17:14:15', '2025-09-28 17:14:16', '2026-09-29 00:14:15'),
('5b5550b9d17deb53c9d36a563c77af50ab85c807a21a8f394712b54de9535879a4e2c5ef772ca899', 2, 1, 'MyAppToken', '[]', 0, '2025-09-16 22:47:54', '2025-09-16 22:47:54', '2026-09-17 05:47:54'),
('5b82048f39cfc5e7083a3aa8f8660991842028ff33db4c5af9a5fe202c418563d591c178b7ca59a9', 2, 1, 'MyAppToken', '[]', 0, '2025-09-09 07:43:16', '2025-09-09 07:43:16', '2026-09-09 14:43:16'),
('5ce62afe96c8a2b016c40532753dceebfbfd22cf6f282b143d31f72fd1a188d892ad28c6f71f8666', 1, 1, 'MyAppToken', '[]', 0, '2025-09-08 08:17:41', '2025-09-08 08:17:41', '2026-09-08 15:17:41'),
('5d69d1842ea7eba99423a16a61365fedb9fba36dabb189a8e2492443b1ac0af02608b60b9b9b9b45', 3, 1, 'MyAppToken', '[]', 0, '2025-10-01 20:14:58', '2025-10-01 20:14:58', '2026-10-02 03:14:58'),
('5efe0b57b9c22b59e203142fee98c2bfd09e7c75823bad9602281ae7a19a64ac2fec24283eb117bf', 3, 1, 'MyAppToken', '[]', 0, '2025-10-12 00:57:02', '2025-10-12 00:57:02', '2026-10-12 07:57:02'),
('6005e7a4aaceace50fefb316c41f0ca6655ff9484a09cf86f3ec04a11e4b17b41503dd87dfac38d3', 2, 1, 'MyAppToken', '[]', 0, '2025-10-16 23:47:31', '2025-10-16 23:47:31', '2026-10-17 06:47:31'),
('619cdeefbe303dbede926105720c1e45a6b42d3f55394a9888a138eb87cca167be81743f021d8948', 6, 1, 'MyAppToken', '[]', 0, '2025-10-15 19:36:24', '2025-10-15 19:36:24', '2026-10-16 02:36:24'),
('645e5aff39aa5468d3b35c2de55fdf41910c6473d4867e90131b0d3f6abe65c139d2e247bbb17ebe', 3, 1, 'MyAppToken', '[]', 0, '2025-10-15 20:01:02', '2025-10-15 20:01:02', '2026-10-16 03:01:02'),
('657de3c03ce6944be0fdf16a962a576313e58645c1e93e2fd7f45b225cdd5e2e3ae34fa2e6455809', 2, 1, 'MyAppToken', '[]', 0, '2025-09-14 08:07:21', '2025-09-14 08:07:21', '2026-09-14 15:07:21'),
('66ad0accebe1d6ff7f762fb4bf8def2cb66c550b85774314a3544e2548b25809a0394b1335b7c16b', 7, 1, 'MyAppToken', '[]', 0, '2025-10-29 19:27:35', '2025-10-29 19:27:36', '2026-10-30 02:27:35'),
('66ae519d36ea61c4c0eca83e3af5158f2a25133317b4ad98dee768890596291a5ae56b5b7331ecd1', 6, 1, 'MyAppToken', '[]', 0, '2025-10-16 22:03:03', '2025-10-16 22:03:03', '2026-10-17 05:03:03'),
('67737099ebd7d23e817b370d5d3488b8fba4f0a5705b507a836b1f0baa5706b6989a2e224579a9d0', 1, 1, 'MyAppToken', '[]', 0, '2025-09-09 02:28:00', '2025-09-09 02:28:00', '2026-09-09 09:28:00'),
('67b0dfbe03b9fda711289a56b9759a8c323786ee4145afeda244ff7d6d9b108dba2c7f136163e3ec', 5, 1, 'MyAppToken', '[]', 0, '2025-10-12 17:25:12', '2025-10-12 17:25:12', '2026-10-13 00:25:12'),
('68aba6e009921f813020bd7c6104eaa0e4b3a6fd1402b23a7ea7bea84275f2f37767058a7941f739', 1, 1, 'MyAppToken', '[]', 0, '2025-09-08 08:27:13', '2025-09-08 08:27:13', '2026-09-08 15:27:13'),
('6afd36932f561a61c743acbc334da4e4ac668b698d68afb1a30a32f51e67d8a2eceb4070794350c9', 2, 1, 'MyAppToken', '[]', 0, '2025-09-15 08:48:09', '2025-09-15 08:48:09', '2026-09-15 15:48:09'),
('6c364950a39b1348800dbd0899eceff650ec253f6353e3388658953b589ba88bc378e5bc6339065f', 2, 1, 'MyAppToken', '[]', 0, '2025-09-15 08:22:11', '2025-09-15 08:22:11', '2026-09-15 15:22:11'),
('6db1c36a449f7f4e8b44b1bcd0d34a2e176a91718e39ced5ecb3e3667c9e435c6f7997c6f8a994f0', 3, 1, 'MyAppToken', '[]', 0, '2025-10-30 01:22:13', '2025-10-30 01:22:13', '2026-10-30 08:22:13'),
('6ead06700b03e9e765313f1ebc8e622ccb7e13d3c996122eb6bab3cbfb5dd58dad1e872ad12d8a8f', 2, 1, 'MyAppToken', '[]', 0, '2025-09-11 06:04:21', '2025-09-11 06:04:21', '2026-09-11 13:04:21'),
('6efbc85e3befe23051af55a72229093833e89f384d9afea12b2325cb4dd3b4ba7b33ceb38a668223', 5, 1, 'MyAppToken', '[]', 0, '2025-10-30 00:39:35', '2025-10-30 00:39:35', '2026-10-30 07:39:35'),
('6f812dfff518af68093b460207c997cb77cdab7d255fcf2e1da8719a8bbd691975184cb62bce49df', 2, 1, 'MyAppToken', '[]', 0, '2025-10-01 20:02:43', '2025-10-01 20:02:43', '2026-10-02 03:02:43'),
('73f2a5085de4c79cd933962c3826320a830715a359a7b5aa53c015345c538a84425c66bf7edfed78', 4, 1, 'MyAppToken', '[]', 0, '2025-10-12 07:21:35', '2025-10-12 07:21:35', '2026-10-12 14:21:35'),
('75314d0b87fd9f6dd0cdd4b8dd98bb4c31cf2e1d08db9476668131301977b2ec7241dc0526153c13', 2, 1, 'MyAppToken', '[]', 0, '2025-09-15 18:27:48', '2025-09-15 18:27:48', '2026-09-16 01:27:48'),
('760d28f6866a93163a896d2ea5d9126ce604f9658381668e00de7d81a0dc762708fd199ccf7a9cff', 1, 1, 'MyAppToken', '[]', 0, '2025-09-08 08:45:13', '2025-09-08 08:45:13', '2026-09-08 15:45:13'),
('76574484e9d16b91c78e39d6752174c2a73b0e298fc6e8f3a79407305f3d4fa301b78f16bc9d21d6', 1, 1, 'MyAppToken', '[]', 0, '2025-09-08 08:41:17', '2025-09-08 08:41:17', '2026-09-08 15:41:17'),
('7684292574b5065f0b96088b8dedbd70a35cd7243e9d847dab8c428524ca91d9032711e0c0d70b81', 2, 1, 'MyAppToken', '[]', 0, '2025-10-15 07:25:15', '2025-10-15 07:25:15', '2026-10-15 14:25:15'),
('78e85dfd15a9eae00b5f08c52b6ccf92d4b013797489e699a4ce94db85325c763b1c6cb19dd2c071', 1, 1, 'MyAppToken', '[]', 0, '2025-09-08 07:42:47', '2025-09-08 07:42:47', '2026-09-08 14:42:47'),
('7ac729473b7ff7a52bf5623df8fcf9bb624f4fc30a8fb905a14055cb9824e2cfa0a04ad6e7d610f7', 2, 1, 'MyAppToken', '[]', 0, '2025-09-10 18:29:13', '2025-09-10 18:29:13', '2026-09-11 01:29:13'),
('7b1b59fb7c605417ebaabfc6cf1132887b7f223d57718b0985da100eb8fd6afe79f9f8470a10babd', 2, 1, 'MyAppToken', '[]', 0, '2025-09-11 19:04:47', '2025-09-11 19:04:47', '2026-09-12 02:04:47'),
('7c450366f2b214b9017f43edfb6ea67219b001674918daeb022d41d3d76db87aecd2ca0083ecbb51', 2, 1, 'MyAppToken', '[]', 0, '2025-09-15 18:41:40', '2025-09-15 18:41:40', '2026-09-16 01:41:40'),
('7ce70ea50266583b228be05990dcc62b52a5c3323fead3a197a58f9eec2e8c9c49453049a12822a0', 2, 1, 'MyAppToken', '[]', 0, '2025-09-11 19:03:03', '2025-09-11 19:03:03', '2026-09-12 02:03:03'),
('7d2cb8f91a81b5a7382e857e8a25dbbda6c0fccf48f730119471890d6454397ef9ed8dc263f42efd', 3, 1, 'MyAppToken', '[]', 0, '2025-09-18 21:36:13', '2025-09-18 21:36:13', '2026-09-19 04:36:13'),
('7dff19bba8e6f1907b2da9ac19abd6833ce85ab1eeb4e12de14886166e426f08fe4f3be595d97a00', 1, 1, 'MyAppToken', '[]', 0, '2025-09-08 06:34:29', '2025-09-08 06:34:29', '2026-09-08 13:34:29'),
('7e12c033229f387d4a608c28950ead3b43ec6f93b3920efbfda2ce5ba81125a6d5754c7f709700d3', 3, 1, 'MyAppToken', '[]', 0, '2025-10-29 23:54:44', '2025-10-29 23:54:44', '2026-10-30 06:54:44'),
('7ee703175940b74450ce2b93c987bf1925ab49c32a04d09b4e390a643a58981e3bb726cd9202353a', 2, 1, 'MyAppToken', '[]', 0, '2025-09-09 03:02:57', '2025-09-09 03:02:57', '2026-09-09 10:02:57'),
('7f4237f3d62f5aea6de8ef071b898f94acd9111a6f54f448a89b2ef95cc7d421b6d5e652b9945eb1', 1, 1, 'MyAppToken', '[]', 0, '2025-09-09 02:43:05', '2025-09-09 02:43:05', '2026-09-09 09:43:05'),
('816da27ded5bbf33b838e7342a3cc8bc36bf148d0c8432c6bb751714d8013cf126a0fe3614c1f9fb', 2, 1, 'MyAppToken', '[]', 0, '2025-10-11 23:48:06', '2025-10-11 23:48:06', '2026-10-12 06:48:06'),
('819472074fd110dcc818eb2e02fb73ca58fbe90bbac69a3d7fb5600b92985b6a1a5d8af599879fe5', 4, 1, 'MyAppToken', '[]', 0, '2025-10-07 07:19:25', '2025-10-07 07:19:25', '2026-10-07 14:19:25'),
('81a057c7bc2d7a52d238b8cd71e188dd9f1cbd4e4df77eb3edaa7723155a9a54353baed35201e389', 3, 1, 'MyAppToken', '[]', 0, '2025-10-12 18:08:33', '2025-10-12 18:08:33', '2026-10-13 01:08:33'),
('81e7e5a4e4596192dac0112fe53d6e2eba335aba976db504ebc3981fa7417b23ca4ffb78c03aa8c8', 3, 1, 'MyAppToken', '[]', 0, '2025-10-12 00:22:32', '2025-10-12 00:22:32', '2026-10-12 07:22:32'),
('82c89a916f518dff5f39ed03c8f2acf2a81cc96c20fadaaf542380bd700fd660cb72f6c642a58b16', 1, 1, 'MyAppToken', '[]', 0, '2025-09-09 02:35:01', '2025-09-09 02:35:01', '2026-09-09 09:35:01'),
('85ed70269b9a8f78dac824624e4a5d015f4e4ea856fa18d8fcdc1146c71d5cf14f855d350a6c2339', 3, 1, 'MyAppToken', '[]', 0, '2025-10-03 08:41:38', '2025-10-03 08:41:38', '2026-10-03 15:41:38'),
('8716716f15e33d34682c67715870928a1c0ea43fda015f4385a9657bb3a4cd4e1b080ed29fd59203', 3, 1, 'MyAppToken', '[]', 0, '2025-09-18 21:28:18', '2025-09-18 21:28:19', '2026-09-19 04:28:18'),
('89784e20a2cdaf8b1df1502d166967f067f07d0d0cb68801f0ec4945f8f00265d94a38e84d993468', 3, 1, 'MyAppToken', '[]', 0, '2025-09-18 22:55:31', '2025-09-18 22:55:31', '2026-09-19 05:55:31'),
('8b5f3b6a1dc78b817091cc5b005fbee75949b7820377418ee495329e5e4ca4597dd8d449d07f2fc3', 1, 1, 'MyAppToken', '[]', 0, '2025-09-15 08:25:31', '2025-09-15 08:25:31', '2026-09-15 15:25:31'),
('8dd19ae5234c196ebe0f949f1b1e7019bb9e0bf3a09207d28e4fbf9af7982bd67b6285a14a95b075', 9, 1, 'MyAppToken', '[]', 0, '2025-10-29 20:28:09', '2025-10-29 20:28:09', '2026-10-30 03:28:09'),
('93177473476959c0a25c384ef8afc303c78c2ff6f394d339fda0867c000fadffefe2d9a5303610c3', 2, 1, 'MyAppToken', '[]', 0, '2025-09-09 03:09:03', '2025-09-09 03:09:03', '2026-09-09 10:09:03'),
('964621383bcd3ee8f953017d4eabdbede253956541f04636fa2cfdf73fe3600cbaa386291e43a0c9', 5, 1, 'MyAppToken', '[]', 0, '2025-10-22 19:30:36', '2025-10-22 19:30:36', '2026-10-23 02:30:36'),
('9788861827aa04186f706fd1da0c89816f97757e0ee8ad8e3f02268e86b3b76a410f86bcb396a13a', 1, 1, 'MyAppToken', '[]', 0, '2025-09-08 08:52:07', '2025-09-08 08:52:07', '2026-09-08 15:52:07'),
('987b22b866a29faa41918a4c27702e550910463ba05bd9cfb47df159f1122e7a10a942270cbb787b', 2, 1, 'MyAppToken', '[]', 0, '2025-09-15 08:25:06', '2025-09-15 08:25:06', '2026-09-15 15:25:06'),
('989d7af126a4f06d2bebd293297b681de818e769d6f45089e4b5f9e62833bee81a4f342161fc2aaf', 3, 1, 'MyAppToken', '[]', 0, '2025-10-01 20:23:37', '2025-10-01 20:23:37', '2026-10-02 03:23:37'),
('98fb94dd041821e07517c6494bd220864ee69115462cb9d61ae717659bf1cc8686b5584bf8d53ea4', 2, 1, 'MyAppToken', '[]', 0, '2025-10-22 18:16:17', '2025-10-22 18:16:19', '2026-10-23 01:16:17'),
('9a4c275511d430146a77dfc5b42f31f7348c383c7ff2333b7b9a921305e6e37ed9c183dbb3bce37a', 2, 1, 'MyAppToken', '[]', 0, '2025-10-06 21:23:23', '2025-10-06 21:23:23', '2026-10-07 04:23:23'),
('9bde78441fb07ed60eae80f6351ab5d1b8c62df6470309dc9bd789713570f71008f05ef28cfd1c5c', 2, 1, 'MyAppToken', '[]', 0, '2025-09-12 01:51:08', '2025-09-12 01:51:09', '2026-09-12 08:51:08'),
('9e0e534b4d43be37eba5effb29892eee0cd36f8cc06c5587088edd2dca59c4c0bc96ade45ad29d0b', 3, 1, 'MyAppToken', '[]', 0, '2025-09-23 09:01:04', '2025-09-23 09:01:04', '2026-09-23 16:01:04'),
('9e34c2dd8f305b191ace9e3f7026bda7839c6058f42684a1aeaf7eb34e2d02d028fec1e6e757089f', 2, 1, 'MyAppToken', '[]', 0, '2025-10-06 07:37:45', '2025-10-06 07:37:45', '2026-10-06 14:37:45'),
('9ff563d33a58d4210b47546df95b3126da127dc288ba51945ec30ad4dded04bf40ee021d48aeee7e', 3, 1, 'MyAppToken', '[]', 0, '2025-09-16 22:29:58', '2025-09-16 22:29:58', '2026-09-17 05:29:58'),
('a01c88e7bd7c033b874e2d0bf7f67da3f1f0410246391ef67cb3243ef6ca2b07f790df22be5012d4', 2, 1, 'MyAppToken', '[]', 0, '2025-09-10 17:56:48', '2025-09-10 17:56:49', '2026-09-11 00:56:48'),
('a045f2693dbe6074a47ceed630937aeab551738bea051e10ac56c4b37bfcb422e87e916adb7867fa', 1, 1, 'MyAppToken', '[]', 0, '2025-09-08 07:44:57', '2025-09-08 07:44:57', '2026-09-08 14:44:57'),
('a4eb8e17535ba2a6d52f29fe42e3eb9d75072ed1120510269256408bf33e0e2b5d38552a776bdb41', 2, 1, 'MyAppToken', '[]', 0, '2025-09-10 18:09:01', '2025-09-10 18:09:01', '2026-09-11 01:09:01'),
('a5675046509c118fcea279b34bcd3c82232c5e22f37595f65fd95a70c9293cf1881268080e313eae', 2, 1, 'MyAppToken', '[]', 0, '2025-09-10 08:18:02', '2025-09-10 08:18:02', '2026-09-10 15:18:02'),
('a68ef92f95cb2a3c5e6d4c4cfe76c22bf7e7ed0cfb18892b08f5cfbb4d0d18cf94b1cf0c40920fb2', 2, 1, 'MyAppToken', '[]', 0, '2025-09-09 02:57:09', '2025-09-09 02:57:09', '2026-09-09 09:57:09'),
('a6a360cd426ed8de12815dda705a9584d1062755f06b50c5bb66b83fa5368b00761fa78188f6becd', 2, 1, 'MyAppToken', '[]', 0, '2025-09-16 20:53:39', '2025-09-16 20:53:39', '2026-09-17 03:53:39'),
('a6b84312db349427191268f71340c6591dd879dc80f297801b5e1808d2d92ba4922e5b77778952e0', 1, 1, 'MyAppToken', '[]', 0, '2025-09-09 02:31:31', '2025-09-09 02:31:31', '2026-09-09 09:31:31'),
('a6bb67cb1a663f488a123c11981e4d639cac645366ecd89efb28b448604436806947c055995c497e', 2, 1, 'MyAppToken', '[]', 0, '2025-10-29 19:21:02', '2025-10-29 19:21:02', '2026-10-30 02:21:02'),
('a77e59d23056814063525343b56f1e24731d19d50d5c41da58e67b0438db871ab9806a6c43aaae3c', 1, 1, 'MyAppToken', '[]', 0, '2025-09-15 08:01:25', '2025-09-15 08:01:25', '2026-09-15 15:01:25'),
('a7ffe18176a1f8d7bad16a1096ba2ebad9cde9cd0d00fd452bf7b31a9a977faace004976ae25f1c2', 3, 1, 'MyAppToken', '[]', 0, '2025-09-16 22:22:36', '2025-09-16 22:22:36', '2026-09-17 05:22:36'),
('ad079b77f2b8dac8b2ceb0fd906a8f0171c548af5fce49d42b6a29ceb838dc9ef68e81ad9689b710', 2, 1, 'MyAppToken', '[]', 0, '2025-09-09 23:53:38', '2025-09-09 23:53:38', '2026-09-10 06:53:38'),
('ad88b92184f7295d4f3e7d70ef878ee829d8746fe1e48645c9c845f13ca5946477ec2fba9bae3bb2', 1, 1, 'MyAppToken', '[]', 0, '2025-09-08 08:49:26', '2025-09-08 08:49:26', '2026-09-08 15:49:26'),
('add7a83970bfc95ab2161605f5a782230b804840d6b98dcb184a467d43ebf966baf700894a64fb0c', 2, 1, 'MyAppToken', '[]', 0, '2025-09-23 19:29:43', '2025-09-23 19:29:43', '2026-09-24 02:29:43'),
('ae72ef24284360f0fbffb49e975cc35a75ae71f52604e4bdea9a334e6ef84e7ea820a7c38f7bea43', 2, 1, 'MyAppToken', '[]', 0, '2025-09-10 07:48:14', '2025-09-10 07:48:14', '2026-09-10 14:48:14'),
('b13e3f63ed24ca71516919afa7e29c514878d27e698dad8dc0ad0e1abe428f9d80f032c2729947ee', 4, 1, 'MyAppToken', '[]', 0, '2025-10-07 07:19:08', '2025-10-07 07:19:09', '2026-10-07 14:19:08'),
('b3e53f69aa6fcbbcebb05169b5c0b5ebe308819fb5e0486d4dd515d70f420fe49b20e30862608411', 2, 1, 'MyAppToken', '[]', 0, '2025-10-03 09:42:50', '2025-10-03 09:42:50', '2026-10-03 16:42:50'),
('b421447bd248b45d35a28797e793cab669df8328572ec1c514578ca7bddf7062ab7de93a0a01d2e4', 1, 1, 'MyAppToken', '[]', 0, '2025-09-08 08:09:10', '2025-09-08 08:09:10', '2026-09-08 15:09:10'),
('b6f077291245f1d95b1ab8afc25b77b97e9b9565c71721169bb99641bb3da30cbf2d898487ee724d', 2, 1, 'MyAppToken', '[]', 0, '2025-09-16 20:32:41', '2025-09-16 20:32:41', '2026-09-17 03:32:41'),
('b8c48f6112202e5826107d12b5297bafc25964a8eaf8dcbdca11a70fa5e182089cf58222854978f9', 3, 1, 'MyAppToken', '[]', 0, '2025-10-22 18:56:12', '2025-10-22 18:56:12', '2026-10-23 01:56:12'),
('b91466de1b7792cae9fa3d3a860d6411394ea37517d9a5be9dcdc2893e5f3b763d76c0c8a6731d5a', 1, 1, 'MyAppToken', '[]', 0, '2025-09-09 02:05:36', '2025-09-09 02:05:36', '2026-09-09 09:05:36'),
('b9c859954796f8988484646df2cf78036569ea48e467ecbf891f535977f195e0d6a80faa10efb69b', 6, 1, 'MyAppToken', '[]', 0, '2025-10-29 20:32:08', '2025-10-29 20:32:08', '2026-10-30 03:32:08'),
('b9e7852c33dd495a19f5caccc87f1a4f0d2c4cd76547a663ff01a371fb1e0357c21dee346db98070', 2, 1, 'MyAppToken', '[]', 0, '2025-09-09 02:53:06', '2025-09-09 02:53:06', '2026-09-09 09:53:06'),
('be7c5b17295f2f6ff5b58746e2e0ddf8d74483bca5785d9cae20e32b06e86e5262981ad97735318a', 3, 1, 'MyAppToken', '[]', 0, '2025-10-12 01:02:32', '2025-10-12 01:02:32', '2026-10-12 08:02:32'),
('c05a4e06b1153db6f37225a2113df76d12d557eac8c118a3b302d504f5af862ce4ed8a7bef4ff8d6', 3, 1, 'MyAppToken', '[]', 0, '2025-10-11 22:37:03', '2025-10-11 22:37:03', '2026-10-12 05:37:03'),
('c07ee168c7be7bb41e039f2cb21f204989c8f3c65e734fb1d79f188d3d718d7208c582afae8bf2ac', 2, 1, 'MyAppToken', '[]', 0, '2025-10-01 10:11:08', '2025-10-01 10:11:08', '2026-10-01 17:11:08'),
('c21bdad1055ff77e8a985eedf7ccd0bbd5246b958810e5f61dec1467335a2d4606384e11faf311d1', 10, 1, 'MyAppToken', '[]', 0, '2025-10-30 01:23:30', '2025-10-30 01:23:30', '2026-10-30 08:23:30'),
('c265cc4a15f9f9b6139b00c0ce6cdc43ee4a171547fd4ad5ed2bddcda0913cbabb624f7d9e29cca6', 1, 1, 'MyAppToken', '[]', 0, '2025-09-09 02:20:45', '2025-09-09 02:20:45', '2026-09-09 09:20:45'),
('c303ecfea67414ca35f431d4a7e109e1a5930edf2f490bb9eb81f45eb120feb558216897849fdcec', 8, 1, 'MyAppToken', '[]', 0, '2025-10-29 19:31:35', '2025-10-29 19:31:35', '2026-10-30 02:31:35'),
('c66728d086ddf94f82fa73e3e169095223c960275175442033d461c1b75a4ce9df2666cad9b0b3bc', 3, 1, 'MyAppToken', '[]', 0, '2025-10-03 09:03:35', '2025-10-03 09:03:35', '2026-10-03 16:03:35'),
('c7d27e71c6c6ebc7681b24f465fc54cc0905bd079ca4dba3f595ebbf99730baa847e894ca5bab3d8', 3, 1, 'MyAppToken', '[]', 0, '2025-10-07 01:52:41', '2025-10-07 01:52:41', '2026-10-07 08:52:41'),
('cc3fb15bf3305477e68b7afeafb1691c2f6a01d656ba9822442820048340f7fde0f132ed5b9ebe75', 2, 1, 'MyAppToken', '[]', 0, '2025-09-10 06:58:53', '2025-09-10 06:58:53', '2026-09-10 13:58:53'),
('cd1346e68db32970857f9c93e124ef83bbf78c0755caa13ab53b8f8c4fb07342f25f77909aa192c1', 10, 1, 'MyAppToken', '[]', 0, '2025-10-30 01:20:57', '2025-10-30 01:20:57', '2026-10-30 08:20:57'),
('ceb1d45e5d728ad2dd222ce2bfbc9272f7628bd99ceea5702548f929ae8dd64e286f23599b3c9cfc', 1, 1, 'MyAppToken', '[]', 0, '2025-09-15 08:01:09', '2025-09-15 08:01:09', '2026-09-15 15:01:09'),
('d0fb5733a1d53bd40cdc27a638af34ed8038fcf0a837c1c8a97c083675ff940129b5093d61bbba7f', 3, 1, 'MyAppToken', '[]', 0, '2025-10-01 20:07:06', '2025-10-01 20:07:06', '2026-10-02 03:07:06'),
('d1c4f3c11eda43e70bab2b49b091db652c7f78e7ecd687e7c7811377a9e27656ece422bf8239bfc6', 3, 1, 'MyAppToken', '[]', 0, '2025-09-16 22:22:25', '2025-09-16 22:22:25', '2026-09-17 05:22:25'),
('d1f377edc62d94a4d93a9b15f928ef5bdfeb56a469bf6865afa5bfac723e0b366e7d5b362f84a56d', 3, 1, 'MyAppToken', '[]', 0, '2025-09-27 22:13:04', '2025-09-27 22:13:04', '2026-09-28 05:13:04'),
('d376bc28fa90f26681b710894a4863dfae1460717d4b95b7950620e60cad40d8890bbf72f84dabce', 5, 1, 'MyAppToken', '[]', 0, '2025-10-12 17:24:53', '2025-10-12 17:24:53', '2026-10-13 00:24:53'),
('d5925b4edd1503429091e6e035491dc2e9d9333c06200dc2afc3780c9d65b2cf1336b0a90443d54f', 3, 1, 'MyAppToken', '[]', 0, '2025-10-12 00:56:29', '2025-10-12 00:56:29', '2026-10-12 07:56:29'),
('d7508614de59126f357bb96803a1a4e79768f50f1b86dda82517d8969fbc4404e8334a3613ca7b4a', 2, 1, 'MyAppToken', '[]', 0, '2025-09-16 20:01:55', '2025-09-16 20:01:55', '2026-09-17 03:01:55'),
('d785e2b8bc17d76eeb87d1f2ce91b39414ba67b4e0c080719a816199a253fb2f8ef65c7d2cca496c', 4, 1, 'MyAppToken', '[]', 0, '2025-10-12 08:44:24', '2025-10-12 08:44:24', '2026-10-12 15:44:24'),
('d7c67d4e37c6d6e060331ace713b7dc477b5e76852659f56b9e2ea149523c745a35f7c9e28139523', 1, 1, 'MyAppToken', '[]', 0, '2025-09-08 08:04:34', '2025-09-08 08:04:34', '2026-09-08 15:04:34'),
('d7ee9a064e2dae618d77e74a243fe38323bd4334e55c4677fc5984f299d2054cf83d8847df82290e', 2, 1, 'MyAppToken', '[]', 0, '2025-09-10 20:05:58', '2025-09-10 20:05:58', '2026-09-11 03:05:58'),
('dcf3f4c046b5f3ee63548cbaf7b9fac34812b241ebe25f841f31c7f707a495da144a43e7c3683066', 4, 1, 'MyAppToken', '[]', 0, '2025-10-29 19:19:55', '2025-10-29 19:19:55', '2026-10-30 02:19:55'),
('dd7f5e8c6eb09d1eb9c7ddd21cbd087b04d630c683df0dc697dc92c3fb124931abe3ef6be7ebfc39', 2, 1, 'MyAppToken', '[]', 0, '2025-09-14 07:53:00', '2025-09-14 07:53:00', '2026-09-14 14:53:00'),
('deb21b31f01cbfefb11c6d735cf776a4472e6d4353d8a113dd49b7af1efa98a86a0ad650f3ac375e', 8, 1, 'MyAppToken', '[]', 0, '2025-10-29 20:26:45', '2025-10-29 20:26:45', '2026-10-30 03:26:45'),
('e2d798306a5a69cdb7487c49e8891e905569c4eabbf7608b65d57e0095d1de9064d87134d449a755', 3, 1, 'MyAppToken', '[]', 0, '2025-09-18 21:43:13', '2025-09-18 21:43:13', '2026-09-19 04:43:13'),
('e5ff695d1c88e0e24c4ddf87ac230925b4f7a5d7f1118f9e06121b32e607e19e9508c84dc47585e3', 3, 1, 'MyAppToken', '[]', 0, '2025-10-03 09:41:55', '2025-10-03 09:41:55', '2026-10-03 16:41:55'),
('e720b349e636207546a151528f048edda0ef7b7d78b0292968e77b441b3cdaec2f0ac1ac0e7a8814', 2, 1, 'MyAppToken', '[]', 0, '2025-09-15 19:24:32', '2025-09-15 19:24:32', '2026-09-16 02:24:32'),
('e92c2d29dd3ca14268613789c4ee41e664f2745919125efdc9618b8b9f7c7f931c8fbaa1301e39fe', 2, 1, 'MyAppToken', '[]', 0, '2025-09-11 02:02:01', '2025-09-11 02:02:01', '2026-09-11 09:02:01'),
('eff8e4a3861c76a8258d6e0736e153e40b151ce38628042c30216ed66ceac04f702f30750a60ba7d', 5, 1, 'MyAppToken', '[]', 0, '2025-10-12 17:37:50', '2025-10-12 17:37:50', '2026-10-13 00:37:50'),
('f0dd05954f7206cd0577a455f3ec598148c90f5b56ba9f6db7ddb6ed58109ba3c3a1d5412e89614d', 6, 1, 'MyAppToken', '[]', 0, '2025-10-15 19:35:58', '2025-10-15 19:35:58', '2026-10-16 02:35:58'),
('f1efcb3c77129cd9e0ed34cb33f1dbc21d57befb423506d62822e7e6a458dacfdca5df7fd8aa6739', 2, 1, 'MyAppToken', '[]', 0, '2025-09-11 05:23:52', '2025-09-11 05:23:53', '2026-09-11 12:23:52'),
('f477249d7d333325640ed70fa256e4d49d3d2e1656d1f706643b0c40556107059dec7aaafd651c1a', 3, 1, 'MyAppToken', '[]', 0, '2025-09-30 07:42:44', '2025-09-30 07:42:44', '2026-09-30 14:42:44'),
('f7fecace6b2d6299b1d0e857fc787e3a6c654e725d061a9965a014c7359c9eaa53658e16e8cb07dc', 3, 1, 'MyAppToken', '[]', 0, '2025-10-01 20:05:14', '2025-10-01 20:05:14', '2026-10-02 03:05:14'),
('f982fb7a8a32ea5e3acaefe0415320d59e0f84053904e883e0f09efc7e6fe0116cca3a09d45b1326', 2, 1, 'MyAppToken', '[]', 0, '2025-09-14 06:48:27', '2025-09-14 06:48:27', '2026-09-14 13:48:27'),
('fdd333c6888d9b8d77b5cba20fa56b0cf768c5cebfdba08c620dbc90c52f1ce79f46766d97834ffa', 7, 1, 'MyAppToken', '[]', 0, '2025-10-22 18:54:32', '2025-10-22 18:54:32', '2026-10-23 01:54:32'),
('fea41b3fbf4276bf47e7f2481a9fd9f36f0feed589470673795c53d6433242d931a52cf801cdb716', 1, 1, 'MyAppToken', '[]', 0, '2025-09-09 02:38:30', '2025-09-09 02:38:30', '2026-09-09 09:38:30'),
('fec7d507116903a65ad97697fd7951091215c69dfeb099e13a8ab6d20de25b539940af250df71a83', 2, 1, 'MyAppToken', '[]', 0, '2025-09-10 08:06:30', '2025-09-10 08:06:30', '2026-09-10 15:06:30');

-- --------------------------------------------------------

--
-- Cấu trúc bảng cho bảng `oauth_auth_codes`
--

CREATE TABLE `oauth_auth_codes` (
  `id` varchar(100) NOT NULL,
  `user_id` bigint(20) UNSIGNED NOT NULL,
  `client_id` bigint(20) UNSIGNED NOT NULL,
  `scopes` text DEFAULT NULL,
  `revoked` tinyint(1) NOT NULL,
  `expires_at` datetime DEFAULT NULL
) ENGINE=InnoDB DEFAULT CHARSET=utf8mb4 COLLATE=utf8mb4_unicode_ci;

-- --------------------------------------------------------

--
-- Cấu trúc bảng cho bảng `oauth_clients`
--

CREATE TABLE `oauth_clients` (
  `id` bigint(20) UNSIGNED NOT NULL,
  `user_id` bigint(20) UNSIGNED DEFAULT NULL,
  `name` varchar(255) NOT NULL,
  `secret` varchar(100) DEFAULT NULL,
  `provider` varchar(255) DEFAULT NULL,
  `redirect` text NOT NULL,
  `personal_access_client` tinyint(1) NOT NULL,
  `password_client` tinyint(1) NOT NULL,
  `revoked` tinyint(1) NOT NULL,
  `created_at` timestamp NULL DEFAULT NULL,
  `updated_at` timestamp NULL DEFAULT NULL
) ENGINE=InnoDB DEFAULT CHARSET=utf8mb4 COLLATE=utf8mb4_unicode_ci;

--
-- Đang đổ dữ liệu cho bảng `oauth_clients`
--

INSERT INTO `oauth_clients` (`id`, `user_id`, `name`, `secret`, `provider`, `redirect`, `personal_access_client`, `password_client`, `revoked`, `created_at`, `updated_at`) VALUES
(1, NULL, 'Laravel Personal Access Client', 'wvWIxn4BmY5i8x6NHoD2PjBXB2t8RODUBUer5QRF', NULL, 'http://localhost', 1, 0, 0, '2025-09-08 03:53:25', '2025-09-08 03:53:25'),
(2, NULL, 'Laravel Password Grant Client', '9zMyGWn3eqvJ1EzwgZw3CimxPgb2CLdnpiJhZC1o', 'users', 'http://localhost', 0, 1, 0, '2025-09-08 03:53:25', '2025-09-08 03:53:25');

-- --------------------------------------------------------

--
-- Cấu trúc bảng cho bảng `oauth_personal_access_clients`
--

CREATE TABLE `oauth_personal_access_clients` (
  `id` bigint(20) UNSIGNED NOT NULL,
  `client_id` bigint(20) UNSIGNED NOT NULL,
  `created_at` timestamp NULL DEFAULT NULL,
  `updated_at` timestamp NULL DEFAULT NULL
) ENGINE=InnoDB DEFAULT CHARSET=utf8mb4 COLLATE=utf8mb4_unicode_ci;

--
-- Đang đổ dữ liệu cho bảng `oauth_personal_access_clients`
--

INSERT INTO `oauth_personal_access_clients` (`id`, `client_id`, `created_at`, `updated_at`) VALUES
(1, 1, '2025-09-08 03:53:25', '2025-09-08 03:53:25');

-- --------------------------------------------------------

--
-- Cấu trúc bảng cho bảng `oauth_refresh_tokens`
--

CREATE TABLE `oauth_refresh_tokens` (
  `id` varchar(100) NOT NULL,
  `access_token_id` varchar(100) NOT NULL,
  `revoked` tinyint(1) NOT NULL,
  `expires_at` datetime DEFAULT NULL
) ENGINE=InnoDB DEFAULT CHARSET=utf8mb4 COLLATE=utf8mb4_unicode_ci;

-- --------------------------------------------------------

--
-- Cấu trúc bảng cho bảng `password_reset_tokens`
--

CREATE TABLE `password_reset_tokens` (
  `email` varchar(255) NOT NULL,
  `token` varchar(255) NOT NULL,
  `created_at` timestamp NULL DEFAULT NULL
) ENGINE=InnoDB DEFAULT CHARSET=utf8mb4 COLLATE=utf8mb4_unicode_ci;

-- --------------------------------------------------------

--
-- Cấu trúc bảng cho bảng `personal_access_tokens`
--

CREATE TABLE `personal_access_tokens` (
  `id` bigint(20) UNSIGNED NOT NULL,
  `tokenable_type` varchar(255) NOT NULL,
  `tokenable_id` bigint(20) UNSIGNED NOT NULL,
  `name` varchar(255) NOT NULL,
  `token` varchar(64) NOT NULL,
  `abilities` text DEFAULT NULL,
  `last_used_at` timestamp NULL DEFAULT NULL,
  `expires_at` timestamp NULL DEFAULT NULL,
  `created_at` timestamp NULL DEFAULT NULL,
  `updated_at` timestamp NULL DEFAULT NULL
) ENGINE=InnoDB DEFAULT CHARSET=utf8mb4 COLLATE=utf8mb4_unicode_ci;

-- --------------------------------------------------------

--
-- Cấu trúc bảng cho bảng `restaurants`
--

CREATE TABLE `restaurants` (
  `id` bigint(20) UNSIGNED NOT NULL,
  `category_id` bigint(20) UNSIGNED DEFAULT NULL,
  `name` varchar(255) NOT NULL,
  `address` varchar(255) NOT NULL,
  `description` text DEFAULT NULL,
  `image_url` varchar(255) DEFAULT NULL,
  `latitude` decimal(10,7) DEFAULT NULL,
  `longitude` decimal(10,7) DEFAULT NULL,
  `created_at` timestamp NULL DEFAULT NULL,
  `updated_at` timestamp NULL DEFAULT NULL
) ENGINE=InnoDB DEFAULT CHARSET=utf8mb4 COLLATE=utf8mb4_unicode_ci;

--
-- Đang đổ dữ liệu cho bảng `restaurants`
--

INSERT INTO `restaurants` (`id`, `category_id`, `name`, `address`, `description`, `image_url`, `latitude`, `longitude`, `created_at`, `updated_at`) VALUES
(2, 4, 'Trà Sữa Pozaa Tea', '558B Lê Duẩn, Ea Tam, Buôn Ma Thuột, Đắk Lắk, Việt Nam', 'Quán trà sữa nổi tiếng tại Buôn Ma Thuột.', 'https://cdn-www.vinid.net/2020/09/8cb97047-tr%C3%A0-s%E1%BB%AFa-pozaa-tea-%C6%B0u-%C4%91%C3%A3i.jpg', 12.6521723, 108.0250890, '2025-09-10 06:27:50', '2025-10-29 23:57:25'),
(3, 6, 'Fox Coffee', '10 A Dừa, Ea Tam, Buôn Ma Thuột, Đắk Lắk, Việt Nam', 'Không gian cà phê đẹp, yên tĩnh.', 'https://encrypted-tbn0.gstatic.com/images?q=tbn:ANd9GcTp4_5gEWCAud5CQYZHyuAWkodp17GiK-CxkA&s', 12.6518272, 108.0230320, '2025-09-10 06:28:17', '2025-09-24 02:23:57'),
(4, 2, 'Cơm Niêu phố cổ', '173 Hai Bà Trưng, Thành Công, Buôn Ma Thuộc, Đăk Lăk', 'cơm niêu dân dã', 'https://lh3.googleusercontent.com/p/AF1QipNu8DovLuwDrbBcizpQUmGGYFoqz0iFwplJK4Zn=w408-h408-k-no', 12.6871067, 108.0440725, '2025-09-23 06:17:41', '2025-09-24 02:23:58'),
(5, 3, 'Phở Thìn', '407 Lê Duẫn, EaTam, Buôn Ma Thuột, Đăk Lăk, Việt Nam', 'quán phở gia truyền', 'https://nld.mediacdn.vn/thumb_w/698/2019/2/28/11-pho-1551365073386285956891.jpg', 12.6585854, 108.0292871, '2025-09-27 21:27:18', '2025-10-22 18:40:22'),
(6, 1, 'Mì Cay HanBok', '88 Võ Văn Kiệt, Khánh Xuân, Buôn Ma Thuột, Đăk Lăk, Việt Nam', 'quán ăn với các món ăn Hàn Quốc', 'https://encrypted-tbn0.gstatic.com/images?q=tbn:ANd9GcQkkGKnOmjxpMGtGqnXn1ZpuUUcVVOTM3dTbQ&s', 12.6400200, 108.0116063, '2025-09-30 08:53:23', '2025-09-30 08:53:23'),
(7, 2, 'Gà Nướng Cơm Lam', '30/4 Phạm Văn Đồng, Tân Hoà, Buôn Ma Thuột, Đăk Lăk, Việt Nam', 'Đặc sản gà nướng cơm làm lĩnh và các món ẩm thực tây nguyên', 'https://lh3.googleusercontent.com/p/AF1QipMLM5dVanL8-q_oboznrFKgaZV4vfo4xbXGIlgi=w397-h298-k-no', 12.6836544, 108.0901956, '2025-09-30 09:10:33', '2025-09-30 09:10:33'),
(8, 1, 'Bánh mì chảo cô Tít', '40/34/12 Nguyễn Tất Thành, Thành Công, Buôn Ma Thuột, Đăk Lăk, Việt Nam', NULL, 'https://lh3.googleusercontent.com/p/AF1QipOBvkhNFuNNDU39T5Mkegtrem2NPB6kxylGE5Cz=w408-h612-k-no', 12.6820214, 108.0499336, '2025-10-01 07:05:09', '2025-10-01 07:05:09'),
(9, 8, 'Gòn Garden BBQ', '327/78 Y Moan Ênuôl, Cư Ê Bur, Buôn Ma Thuột, Đăk Lăk, Việt Nam', NULL, 'https://lh3.googleusercontent.com/p/AF1QipMoTTRm2XCv8D0he-72Q-P4UnULA2KpPQgfugw5=w224-h298-k-no', 12.7134241, 108.0503757, '2025-10-01 07:07:41', '2025-10-01 07:07:41'),
(10, 2, 'Cơm gà Minh Huy', '51A YWang, EaTam, Buôn Ma Thuột, Đăk Lăk, Việt Nam', NULL, 'https://lh3.googleusercontent.com/p/AF1QipP6x-S5hTpSHkxDsRLM3bGRj7BccMnT2oa64I76=w224-h298-k-no', 12.6551119, 108.0290140, '2025-10-01 07:08:51', '2025-10-01 07:08:51'),
(11, 7, 'Lẩu miền Tây- Bò lá lốt Trình 47', '273 Y Jut, Thành Công, Buôn Ma Thuột, Đăk Lăk, Việt Nam', NULL, 'https://encrypted-tbn1.gstatic.com/images?q=tbn:ANd9GcSzRA0VZ9Omi5pAKzSChnTN3zqCx_-A0IvEJqBOJqS7s3UsElok', 12.6870173, 108.0426735, '2025-10-01 07:24:27', '2025-10-01 07:24:27'),
(12, 5, 'Tiệm nướng nhà Ben', '69 Trần Quang Khải, Tân Lợi, Buôn Ma Thuột, Đăk Lăk, Việt Nam', NULL, 'https://mia.vn/media/uploads/blog-du-lich/do-nuong-buon-ma-thuot-suju-bbq-1713330671.jpg', 12.6892003, 108.0487138, '2025-10-01 07:26:41', '2025-10-01 07:26:41'),
(13, 5, 'SoJu BBQ- Buffet Lẩu nướng Hàn Quốc', '11 Lê Thánh Tông, Thành Công, Buôn Ma Thuột, Đăk Lăk, Việt Nam', NULL, 'https://encrypted-tbn0.gstatic.com/images?q=tbn:ANd9GcSlB7bvdhaYYw7YQPysRzfhMTSiTGMUIU6eag&s', 12.6829499, 108.0466082, '2025-10-01 07:29:36', '2025-10-01 07:29:36'),
(14, 4, 'Trà sữa Thân', '8a Y Wang, EaTam, Buôn Ma Thuột, Đăk Lăk, Việt Nam', NULL, 'https://nhanghitaynguyen.com/wp-content/uploads/2021/02/tra-sua-than-2.jpg', 12.6520930, 108.0248309, '2025-10-01 07:30:56', '2025-10-22 19:45:28'),
(15, 1, 'Ăn vặt Leo BMT', '48/30 Hùng Vương, Tự Ăn, Buôn Ma Thuột, Đăk Lăk, Việt Nam', NULL, 'https://down-vn.img.susercontent.com/vn-11134513-7ra0g-m7kfzs1pjvgc46@resize_ss576x330', 12.6791798, 108.0494172, '2025-10-01 07:37:43', '2025-10-01 07:37:43'),
(16, 3, 'Bún bò Huế Mạ ơi', '130H Y Ngông, Tân Tiến, Buôn Ma Thuột, Đăk Lăk, Việt Nam', NULL, 'https://encrypted-tbn0.gstatic.com/images?q=tbn:ANd9GcRoaSRZyuL4de1qBJMtph9HR8FkoJ0qpEIB-g&s', 12.6720874, 108.0282898, '2025-10-01 07:39:50', '2025-10-01 07:39:50'),
(17, 6, 'DiLys Coffee 569', '569 Lê Duẫn, EaTam, Buôn Ma Thuột, Đăk Lăk, Việt Nam', NULL, 'https://lh3.googleusercontent.com/p/AF1QipN533jHT8VIO0X-TiVtQBl9GOlOR7rDzkCxHUFj=w195-h143-p-k-no', 12.6500137, 108.0225055, '2025-10-01 07:41:39', '2025-10-01 07:41:39'),
(18, 8, 'Hoa Mai Restaurant', '124 Trần Quý Cáp, Tự An, Buôn Ma Thuột, Đăk Lăk, Việt Nam', NULL, 'https://lh3.googleusercontent.com/p/AF1QipOMW0eZi9WVs_dLUc4o0O2u8nskZI0J6wmD2-7u=w408-h544-k-no', 12.6643742, 108.0492642, '2025-10-01 07:44:18', '2025-10-01 07:44:18'),
(19, 5, 'Kim Chee BBQ', '4 Lê Thị Hồng Gấm, Tân An, Buôn Ma Thuột, Đăk Lăk, Việt Nam', NULL, 'https://lh3.googleusercontent.com/p/AF1QipMqmDxxl_GUarDLkelJ6IoWV5L4b7snupjsGqaf=w408-h408-k-no', 12.6896131, 108.0581482, '2025-10-06 08:38:16', '2025-10-06 08:38:16'),
(20, 6, 'Tiệm cà phê Dí ơi', '30 Y Nuê, Tân Thành, Buôn Ma Thuột, Đăk Lăk, Việt Nam', 'Tiệm cà phê Dí ơi với không gian bài trí đơn giản mang màu sác Nhật Bản.', 'https://encrypted-tbn0.gstatic.com/images?q=tbn:ANd9GcSn0sVCPVfKscV_iViEVCsrvoJ1GuVBMFDSaA&s', 12.6651481, 108.0394411, '2025-10-07 01:24:14', '2025-10-07 01:24:14'),
(21, 8, 'Bánh ướt chống dĩa Bàn Mê', '125, Nguyễn Khuyến, Tân Lợi, Buôn Ma Thuột, Đăk Lăk, Việt Nam', 'quán bánh ướt chống dĩa, đa dạng món ăn kèm.', 'https://mia.vn/media/uploads/blog-du-lich/banh-uot-buon-ma-thuot-nguyen-khuyen-1713437268.jpg', 12.6971060, 108.0502140, '2025-10-07 02:05:15', '2025-10-07 02:05:15'),
(22, 8, 'Cơm Ê Đê 179', '179 Trần Quý Cáp, Tự Ăn, Buôn Ma Thuột, Đăk Lăk, Việt Nam', NULL, 'https://bizweb.dktcdn.net/100/349/716/files/quan-com-dong-bao-buon-ma-thuot-1-bab31440-e99d-4e58-b400-19a27f596d0a.jpg?v=1760336909078', 12.6660081, 108.0586361, '2025-10-11 23:59:52', '2025-10-11 23:59:52'),
(24, 7, 'Quán lẩu Nhất', '55A Ybih Aleo, Buôn Ma Thuột, Đăk Lăk,Việt Nam', NULL, 'https://melamine.vn/wp-content/uploads/2023/12/Quan-lau-Nhat.png', 12.6888876, 108.0545584, '2025-10-12 18:39:33', '2025-10-12 18:39:33'),
(25, 7, 'Kim Nana\'s Food', '172 Lý Thường Kiệt, Buôn Ma Thuột, Việt Nam', NULL, 'https://melamine.vn/wp-content/uploads/2023/12/Kim-Nanas-Food.png', 12.6853488, 108.0436095, '2025-10-12 18:44:17', '2025-10-12 18:44:17'),
(26, 9, 'Vườn An Nhiên', '120 Hoàng Diệu, Buôn Ma Thuột, Đăk Lăk, Việt Nam', 'Vườn An Nhiên - Quán chay rau sạch là địa điểm độc đáo với menu phong phú, đa dạng. Buffee chay vào ngày 1 và 15 Âm lịch hàng tháng là điểm đặc biệt của quán. Nguyên liệu sạch, chế biến an toàn, đảm bảo giá trị dinh dưỡng. Quán còn cung cấp thực phẩm, đồ khô chay và các sản phẩm thân thiện với thiên nhiên. Hãy tận hưởng cuối tuần thư giãn cùng gia đình và bạn bè tại Vườn An Nhiên.', 'https://melamine.vn/wp-content/uploads/2023/12/Vuon-An-Nhien.png', 12.6838365, 108.0417596, '2025-10-12 19:17:18', '2025-10-12 19:17:18'),
(27, 7, 'Quán ThaiDeli', '185 Phan Chu Trinh, Buôn Ma Thuột, Đăk Lăk, Việt Nam', NULL, 'https://melamine.vn/wp-content/uploads/2023/12/Quan-ThaiDeli-1024x586.png', 12.6802938, 108.0446395, '2025-10-12 19:22:08', '2025-10-12 19:22:08'),
(28, 7, 'Lẩu Bò Hai Riêng', '21 Trần Hữu Dực, Buôn Ma Thuột, Đăk Lăk, Việt Nam', NULL, 'https://mia.vn/media/uploads/blog-du-lich/top-quan-lau-ngon-o-buon-ma-thuot-ban-nhat-dinh-phai-thu-05-1651583928.jpg', 12.6892707, 108.0529818, '2025-10-12 19:24:00', '2025-10-12 19:24:00'),
(29, 8, 'Bò nhúng me', '140 Lê Thánh Tông, Tân Lợi, Buôn Ma Thuột, Đăk Lăk, Việt Nam', NULL, 'https://encrypted-tbn0.gstatic.com/images?q=tbn:ANd9GcREfnGlBd1jQm73FpUMFIlbJjx5pU8avJbLCA&s', 12.6886140, 108.0513480, '2025-10-12 19:35:41', '2025-10-12 19:35:41'),
(31, 1, 'Trà Sữa - Mì cay Lucky Start', '114 Trần Nhật Duật, Buôn Ma Thuột, Đăk Lăk, Việt Nam', NULL, 'https://encrypted-tbn0.gstatic.com/images?q=tbn:ANd9GcRGE5XeFpwR9tXj6_HDNWX_lfZDU2R3dL8lfg&s', 12.6948782, 108.0511419, '2025-10-12 19:44:01', '2025-10-12 19:44:01'),
(32, 1, 'Mì Cay Seoul', '31 Hùng Vương, Buôn Ma Thuột, Đăk Lăk, Việt Nam', 'Món ăn được yêu thích nhất tại Mì cay SEOUL cho đến giờ vẫn là Mì cay hải sản, món ăn gây thương nhớ bởi công thức nước dùng đặc quyền cùng nguồn nguyên liệu tươi ngon, hợp vị. ', 'https://encrypted-tbn0.gstatic.com/images?q=tbn:ANd9GcRY77KgO7afoHSKn87ivGlisgZpnF9-N8WM7A&s', 12.6801591, 108.0490292, '2025-10-12 19:44:54', '2025-10-12 19:44:54'),
(33, 1, 'Quán Ăn Vặt ATC', '98/47 Y Wang, Buôn Ma Thuột, Đăk Lăk, Việt Nam', 'ATC luôn mang đến sự ấn tượng bởi rất nhiều các loại đồ ăn đồ uống cực hot đối với tuổi teen, nổi bật có thể kể đến như: bánh Atiso, xiên que, cá viên chiên, bò viên chiên,…\r\n\r\n\r\n', 'https://quancaphe.vn/wp-content/uploads/2022/04/atc-181014.jpg', 12.6473877, 108.0270156, '2025-10-12 19:45:56', '2025-10-16 23:19:29'),
(34, 1, 'Quán Ăn Vặt Bello', '8 Phùng Chí Kiên, Buôn Ma Thuột, Đăk Lăk, Việt Nam', 'BELLO Kem – Trà sữa & ăn vặt, khi đến đây bạn được phục vụ rất nhiều các loại kem khác nhau như: kem viên các vị, kem cuộn các vị và kem khay các vị, cùng các loại trá trái cây, trà sữa, nước ép và siro đá bào…. ngoài ra còn các món ăn vặt như cơm cuộn, gà rán, bánh gà, ngô chiên,...', 'https://luhanhvietnam.com.vn/du-lich/vnt_upload/news/02_2021/bello.jpg', 12.7125420, 108.0643989, '2025-10-12 19:47:12', '2025-10-12 19:47:12'),
(38, 3, 'Quán phở Phú Vương', '43 Lý thường Kiệt, Buôn Ma Thuột, Đăk Lăk', 'Phở Phú Vương là Top quán ngon DakLak trong suốt nhiều năm qua với món phở bò chất lượng, đầy ắp thịt mà vẫn đảm bảo giá thành phải chăng. Quán có công thức nước lèo gia truyền, đảm bảo mang lại cho bạn trải nghiệm ẩm thực đáng nhớ.', 'https://mia.vn/media/uploads/blog-du-lich/danh-sach-top-quan-ngon-daklak-ban-nhat-dinh-phai-nem-thu-2-1652194535.jpeg', 12.6807437, 108.0433771, '2025-10-15 17:54:10', '2025-10-15 17:54:10'),
(39, 3, 'Bún bò Huế O Manh', '329 Lê Duẩn, Buôn Ma Thuột, Đăk Lăk', 'Bún bò Huế O Manh được biết đến là Top quán ngon DakLak có tiếng bởi hương vị món ăn gia truyền, mỗi tô đều đầy đủ topping. Quán được thiết kế với không gian rộng rãi và sạch sẽ, nồi nước lèo thơm lừng, sợi bún dai ngon, huyết mềm, đậu hũ được chủ quán tự tay làm nên bạn có thể hoàn toàn yên tâm về chất lượng vệ sinh an toàn thực phẩm.', 'https://mia.vn/media/uploads/blog-du-lich/danh-sach-top-quan-ngon-daklak-ban-nhat-dinh-phai-nem-thu-3-1652194536.jpg', 12.6612649, 108.0324970, '2025-10-15 17:55:29', '2025-10-15 17:55:29'),
(40, 2, 'Quán cơm tấm 94', '96 Phan Bội Châu, Thắng lợi, Buôn Ma Thuột, Đăk Lăk', 'Menu quán đa dạng các món cơm và món ăn kèm để bạn tha hồ lựa chọn. Đặc biệt, quán chỉ sử dụng nguyên liệu tươi ngon, sạch sẽ, được sơ chế kỹ càng và cẩn thận. Bạn có thể đến và thưởng thức món ăn tại quán, hoặc đặt ship về nhà, về chỗ nghỉ, quán đều phục vụ trong cả ngày nghỉ và ngày lễ.', 'https://tunaucom.com.vn/wp-content/uploads/2023/08/menu-com-tam-94-bmt.jpg', 12.6825548, 108.0416902, '2025-10-15 18:03:10', '2025-10-15 18:03:10'),
(41, 2, 'Cơm gà 52 Ngô Quyền', '288 Ngô Quyền, Ea Tam, Buôn Ma Thuột, Đăk Lăk, Việt Nam', ' Bí quyết riêng của quán chính là dùng nước luộc gà để nấu cơm. Với cách chế biến này, hạt cơm sẽ dẻo và có mùi thơm béo của gà.\r\nCó kha khá các món gà được tẩm ướp và chế biến hấp dẫn theo công thức nấu gia truyền như cơm gà luộc chặt, cơm gà đùi chiên, cơm gà cánh chiên, cơm gà xé,…', 'https://tunaucom.com.vn/wp-content/uploads/2023/08/com-ga-52-ngo-quyen-1.jpg', 12.6950731, 108.0625814, '2025-10-15 18:06:23', '2025-10-15 18:06:23'),
(42, 9, 'Cơm Tự Tâm chay', '103 Quang Trung, Thống Nhất, Buôn Ma Thuột, Đăk Lăk, Việt Nam', 'Đồ chay ở đây đa dạng, ngon và dễ chiều lòng khẩu vị nhiều thực khách khó tính. Thế nên khách đến quán rất đông, đặc biệt là những ngày lễ mùng 1 và ngày Rằm hàng tháng sẽ phải xếp hàng để ăn tại chỗ và mua mang về', 'https://tunaucom.com.vn/wp-content/uploads/2023/08/com-tu-tam-chay.jpg', 12.6816810, 108.0364360, '2025-10-15 18:07:41', '2025-10-15 18:07:41'),
(43, 2, 'Cơm Niêu suối Tiên', '85/5 Ngô Quyền, Thắng Lợi, Buôn Ma Thuột, Đăk Lăk, Việt Nam', 'Cơm niêu là món ăn không mấy xa lạ với chúng ta, được nấu trong niêu đất nhỏ, hương thơm và vị ngọt của gạo được giữ trọn vẹn. Kèm theo đó là menu dài các món ăn kèm hấp dẫn. Đặc biệt, giá tiền ở đây không quá cao, chắc chắn sẽ phù hợp với túi tiền của bạn.', 'https://tunaucom.com.vn/wp-content/uploads/2023/08/com-nieu-suoi-tien.jpg', 12.6896536, 108.0532988, '2025-10-15 18:09:12', '2025-10-15 18:09:12'),
(44, 6, 'Bảo tàng Thế giới Cà phê', 'Nguyễn Đình Chiểu, Tân Lợi, Buôn Ma Thuột, Đăk Lăk, Việt Nam', 'Diện tích của bảo tàng lên đến 45ha, là tổ hợp đa dạng của khu vực trưng bày, triển lãm và thưởng thức cà phê cùng vô số góc chụp hình ấn tượng. Tại đây, bạn sẽ được nếm thử hương vị cà phê đậm đà đúng chất Tây Nguyên, tìm hiểu lịch sử và quá trình phát triển của loại cây công nghiệp này.', 'https://mia.vn/media/uploads/blog-du-lich/quan-ca-phe-dep-o-buon-ma-thuot-bao-tang-the-gioi-ca-phe-1703004904.jpg', 12.6914778, 108.0447787, '2025-10-15 18:15:56', '2025-10-15 18:15:56'),
(45, 6, 'Amour Bistro & Cafe BMT', '75 Nguyễn Đình Chiểu, Tân Lợi, Buôn Ma Thuột, Đăk Lăk, Việt Nam', 'Amour Bistro & Cafe BMT là một quán cà phê đẹp ở Buôn Ma Thuột mang phong cách Địa Trung Hải rất khác biệt. Từ bên ngoài, quán là một tòa nhà hai tầng sơn màu vàng nổi bật. Bước vào bên trong, bạn sẽ thấy khoảng sân lát đá dăm, trồng nhiều cây cọ và những loại xương rồng thân lớn đẹp mắt.', 'https://mia.vn/media/uploads/blog-du-lich/quan-ca-phe-dep-o-buon-ma-thuot-amour-bistro-cafe-1703004904.jpg', 12.6910172, 108.0484366, '2025-10-15 18:17:33', '2025-10-15 18:17:33'),
(46, 6, 'B\'s House', '65 Đường Thi Sách, Tân Lập, Buôn Ma Thuột, Đăk Lăk, Việt Nam', 'B\'s House cũng là quán cà phê thiết kế với phong cách đậm chất Đà Lạt. Không gian quán khá rộng, trồng nhiều cây xanh. View quán là khung cảnh đồi núi hùng vỹ, nắng vàng rực rỡ. Quán có khoảng sân rộng, trồng cẩm tú cầu, cúc họa mi, hoa hướng dương cực kỳ đẹp mắt.', 'https://mia.vn/media/uploads/blog-du-lich/quan-ca-phe-dep-o-buon-ma-thuot-bs-house-1703004927.jpg', 12.6791215, 108.0581885, '2025-10-15 18:18:43', '2025-10-15 18:18:43'),
(47, 4, 'Trà sữa Tea Leaf', '10 Phùng Chí Kiên, Buôn Ma Thuột, Đăk Lăk, Việt Nam', 'Trà sữa ở đây luôn được đánh giá là ngon miễn bàn với một menu dài dằng dặc các loại khác nhau như: Trà Tea Leaf đặc biệt, trà sữa kem phomai nướng, trà sữa flan, trà sữa thạch nhà làm, trà sữa sốt socola,... ', 'https://toplist.vn/images/800px/tra-sua-tea-leaf-546765.jpg', 12.6830447, 108.0340480, '2025-10-15 18:24:29', '2025-10-15 18:24:29'),
(49, 4, 'Thái Phúc Tea', '95 Nguyễn Công Trứ, Buôn Ma Thuột, Đăk Lăk, Việt Nam', 'Thái Phúc Tea là địa chỉ chuyên cung cấp, phục vụ các loại trà. Nơi đây như một thế giới về các loại trà vậy. Đến nơi đây bạn sẽ cảm nhận rõ điều đó. Không gian quán khá mát và sạch sẽ, ngồi nơi đây thưởng thức một ly trà chiều sau một ngày làm việc, học tập căng thẳng, mệt mỏi thì hết sức tuyệt vời.', 'https://toplist.vn/images/800px/thai-phuc-tea-92-ba-trieu-546744.jpg', 12.6788152, 108.0501913, '2025-10-15 18:26:56', '2025-10-15 18:26:56'),
(50, 5, 'GoGi House Vincom Plaza', '78 Lý Thường Kiệt, Thắng Lợi, Buôn Ma Thuột, Đăk Lăk, Việt Nam', ' Quán được đánh giá rất tốt bởi thịt và hải sản tươi ngon, đa dạng món để bạn tha hồ lựa chọn. Quán phục vụ cả gọi món và buffet, menu giá khá cao so với mặt bằng chung các nhà hàng đồ nướng Buôn Ma Thuột khác nhưng chất lượng thì cực kỳ xứng đáng.', 'https://mia.vn/media/uploads/blog-du-lich/do-nuong-buon-ma-thuot-gogi-house-1713330650.jpg', 12.6819974, 108.0439901, '2025-10-15 18:32:54', '2025-10-15 18:32:54'),
(51, 5, 'Kimnana Food BBQ', '172 Lý Thường Kiệt, Thắng Lợi, Buôn Ma Thuột, Đăk Lăk, Việt Nam', 'Kimnana Food BBQ thiết kế không gian nhà hàng rộng rãi, thoáng mát. Tuy nhiên nhược điểm là không trang bị máy hút mùi cho mỗi bàn nên sẽ hơi nóng nực và ám mùi đồ ăn nhiều. Điểm cộng tiếp theo là menu đa dạng, ngoài đồ nướng còn có lẩu và sashimi, sushi tươi ngon. ', 'https://mia.vn/media/uploads/blog-du-lich/do-nuong-buon-ma-thuot-kim-nana-1713330650.jpg', 12.6853384, 108.0435955, '2025-10-15 18:33:46', '2025-10-15 18:33:46'),
(52, 5, 'Tiệm nướng đó', '61 đường Tây Sơn, Tân Thành, Buôn Ma Thuột, Đăk Lăk, Việt Nam', 'Tiệm Nướng Đó thiết kế theo phong cách những quán nướng Đà Lạt với không gian cực chill. Ban ngày bạn có thể ngồi trong nhà cho mát mẻ, còn buổi tối thì ngồi ngoài sân vườn sẽ rất thoáng với các dây đèn thắp sáng lung linh. Menu của quán có các món thịt và hải sản nướng, lẩu, mì xào, cháo, salad.', 'https://mia.vn/media/uploads/blog-du-lich/do-nuong-buon-ma-thuot-tiem-nuong-do-1713330671.jpg', 12.6644296, 108.0268841, '2025-10-15 18:35:11', '2025-10-15 18:35:11'),
(53, 9, 'Bếp chữa lành', '166/48 Nguyễn Tri Phương, Thành Công, Buôn Ma Thuột, Đăk Lăk, Việt Nam', 'Những món ăn tại Bếp Chữa Lành đều được nêm vừa miệng, từ chả giò chay bùi bùi, gỏi và bì cuốn hấp dẫn, cơm sen thơm ngon, mì căn xào sả ớt, đến đậu hủ kho nấm, gỏi bồn bồn, bông cải xào nấm bào ngư, và gà sốt tiêu xanh - tất cả đều là những món được yêu thích tại quán. Món nấm vả rim riềng sả có lẽ cũng là một bí mật khác, gợi nhớ về hương vị đậm đà của món kho mà Bà từng nấu, Mẹ từng nấu, và bây giờ là lúc chính bạn nấu cho những người bạn yêu quý.', 'https://img.tripi.vn/cdn-cgi/image/width=700,height=700/https://gcs.tripi.vn/public-tripi/tripi-feed/img/473720GbR/bep-chua-lanh-1203948.jpg', 12.6895091, 108.0300822, '2025-10-15 18:41:12', '2025-10-15 18:41:12'),
(54, 9, 'Đặc sản Ẩm thực chay Thiên Ân', '225 Xô Viết Nghệ Tĩnh, Thành Công, Buôn Ma Thuột, Đăk Lăk, Việt Nam', 'Đây là một nhà hàng chuyên phục vụ các món chay nằm ở trung tâm thành phố Buôn Ma Thuột. \r\nNgoài ra, Đặc Sản Ẩm Thực Chay Thiên Ân còn sở hữu nông trại riêng chuyên trồng rau sạch để đảm bảo nguồn nguyên liệu cho toàn bộ quán. Việc này mang lại sự an tâm đối với khách hàng về nguồn gốc của thực phẩm. Tại đây, bạn sẽ được thưởng thức các món như: cơm chay, phở chay, mì xào chay, bánh xèo chay, và lẩu chay.', 'https://img.tripi.vn/cdn-cgi/image/width=700,height=700/https://gcs.tripi.vn/public-tripi/tripi-feed/img/473720CTD/quan-com-chay-thien-an-1203933.jpg', 12.6885066, 108.0406256, '2025-10-15 18:43:19', '2025-10-15 18:43:19'),
(55, 9, 'Nhà hàng chay Ăn cần', '128 Lý Thái Tổ, Tân An, Buôn Ma Thuột, Đăk Lăk Việt Nam', ' Nhà Hàng Chay Ân Cần chính là điểm đến lý tưởng cho những tâm hồn yêu thực phẩm chay và muốn tận hưởng không khí trải nghiệm ẩm thực tinh tế. Menu đa dạng với nhiều món chay hấp dẫn, từ hủ tiếu vuông, chả giò, nem vuông rán cho đến cơm gạo lức lá sen, canh đọt nhãn lồng, đều được chế biến tận tâm, đảm bảo chất lượng và dinh dưỡng.', 'https://img.tripi.vn/cdn-cgi/image/width=700,height=700/https://gcs.tripi.vn/public-tripi/tripi-feed/img/473720Yui/nha-hang-chay-hanh-phuc-1203967.jpg', 12.7036759, 108.0634472, '2025-10-15 18:48:18', '2025-10-15 18:48:18'),
(56, 4, 'ZENI - milk tea & food', '103 Trần Bình Trọng, Thành công, Buôn Ma Thuột, Đăk Lăk, Việt Nam', 'Chỉ từ 15.000 đồng bạn đã có ngay một ly trà giải nhiệt từ ŽENI.', 'https://cdn2.tuoitre.vn/thumb_w/730/471584752817336320/2023/6/9/photo-1686277103746-1686277103860250781164.jpg', 12.6860578, 108.0394582, '2025-10-16 23:26:30', '2025-10-16 23:26:52');

-- --------------------------------------------------------

--
-- Cấu trúc bảng cho bảng `reviews`
--

CREATE TABLE `reviews` (
  `id` bigint(20) UNSIGNED NOT NULL,
  `user_id` bigint(20) UNSIGNED NOT NULL,
  `restaurant_id` bigint(20) UNSIGNED NOT NULL,
  `rating` tinyint(4) NOT NULL,
  `content` text NOT NULL,
  `created_at` timestamp NULL DEFAULT NULL,
  `updated_at` timestamp NULL DEFAULT NULL
) ENGINE=InnoDB DEFAULT CHARSET=utf8mb4 COLLATE=utf8mb4_unicode_ci;

--
-- Đang đổ dữ liệu cho bảng `reviews`
--

INSERT INTO `reviews` (`id`, `user_id`, `restaurant_id`, `rating`, `content`, `created_at`, `updated_at`) VALUES
(5, 2, 2, 4, 'nước ngon', '2025-09-16 21:55:23', '2025-09-16 21:55:23'),
(6, 3, 4, 5, 'thức ăn ngon, không gian thoáng mát', '2025-09-23 06:18:45', '2025-09-23 06:18:45'),
(7, 3, 2, 4, 'ngon', '2025-09-28 18:36:21', '2025-09-28 18:36:21'),
(8, 3, 2, 5, 'nước ngon', '2025-09-30 08:35:37', '2025-09-30 08:35:37'),
(11, 3, 14, 5, 'trà sữa ngon', '2025-10-12 11:20:21', '2025-10-12 11:20:21'),
(12, 2, 14, 5, 'quán sạch sẽ view đẹp', '2025-10-12 17:21:46', '2025-10-12 17:21:46'),
(13, 5, 14, 5, 'không gian sạch sẽ, nước ngon', '2025-10-12 17:43:44', '2025-10-12 17:43:44'),
(14, 3, 2, 5, 'nước ngon', '2025-10-12 18:10:07', '2025-10-12 18:10:07'),
(15, 5, 4, 5, 'không gian thoáng mát, đồ ăn ngon', '2025-10-15 02:40:05', '2025-10-15 02:40:05'),
(16, 6, 16, 5, 'không gian quán sạch sẽ, nước dùng đậm vị, topping nhiều 😋', '2025-10-15 20:14:25', '2025-10-15 20:14:25'),
(30, 6, 32, 4, 'không gian sạch sẽ, đồ ăn đợi hơi lâu, đồ ăn ngon', '2025-10-16 23:44:15', '2025-10-16 23:44:15'),
(31, 2, 14, 4, 'ngon quá', '2025-10-17 21:39:06', '2025-10-17 21:39:06'),
(32, 2, 5, 5, 'quán ngon, sạch sẽ', '2025-10-22 18:40:10', '2025-10-22 18:40:10'),
(33, 2, 16, 5, 'phở ngon lắm nên ghé thử nha', '2025-10-22 18:41:39', '2025-10-22 18:41:39'),
(34, 2, 6, 5, 'ngon', '2025-10-22 18:44:32', '2025-10-22 18:44:32'),
(35, 2, 15, 5, 'quán đẹp thức ăn ngon', '2025-10-22 18:45:00', '2025-10-22 18:45:00'),
(36, 2, 8, 5, 'ngon ơi là ngon', '2025-10-22 18:48:35', '2025-10-22 18:48:35'),
(37, 2, 31, 3, 'Bình thường ăn tạm tạm', '2025-10-22 18:49:47', '2025-10-22 18:49:47'),
(38, 2, 32, 5, 'thoáng mát đồ ăn cũng tạm mà không hợp khẩu vị mình lắm', '2025-10-22 18:50:59', '2025-10-22 18:50:59'),
(39, 2, 34, 4, 'ngon', '2025-10-22 18:51:44', '2025-10-22 18:51:44'),
(40, 2, 43, 5, 'ngon lạ miệng', '2025-10-22 18:52:20', '2025-10-22 18:52:20'),
(41, 2, 41, 5, 'quán phục vụ tốt, ngon', '2025-10-22 18:53:15', '2025-10-22 18:53:15'),
(42, 7, 4, 5, 'ngon quá đi', '2025-10-22 18:58:03', '2025-10-22 18:58:03'),
(43, 7, 7, 5, 'hấp dẫn quá', '2025-10-22 18:58:33', '2025-10-22 18:58:33'),
(44, 7, 43, 4, 'ngon mà xã chỗ mình quá', '2025-10-22 18:59:12', '2025-10-22 18:59:12'),
(45, 5, 14, 5, 'ngon', '2025-10-22 19:44:56', '2025-10-22 19:44:56'),
(46, 5, 14, 5, 'wow', '2025-10-22 19:45:12', '2025-10-22 19:45:12'),
(47, 8, 26, 5, 'thuc Pham sach', '2025-10-29 19:34:29', '2025-10-29 19:34:29'),
(48, 3, 2, 5, 'ngon', '2025-10-29 23:57:04', '2025-10-29 23:57:04'),
(49, 5, 34, 5, 'ngonnnn', '2025-10-30 00:52:14', '2025-10-30 00:52:14'),
(50, 5, 32, 5, 'wow', '2025-10-30 01:03:00', '2025-10-30 01:03:00');

-- --------------------------------------------------------

--
-- Cấu trúc bảng cho bảng `review_images`
--

CREATE TABLE `review_images` (
  `id` bigint(20) UNSIGNED NOT NULL,
  `review_id` bigint(20) UNSIGNED NOT NULL,
  `image_url` varchar(255) NOT NULL,
  `created_at` timestamp NULL DEFAULT NULL,
  `updated_at` timestamp NULL DEFAULT NULL
) ENGINE=InnoDB DEFAULT CHARSET=utf8mb4 COLLATE=utf8mb4_unicode_ci;

--
-- Đang đổ dữ liệu cho bảng `review_images`
--

INSERT INTO `review_images` (`id`, `review_id`, `image_url`, `created_at`, `updated_at`) VALUES
(5, 5, '/storage/reviews/j1GNXDQLLW2KcpQqxwpbkER59ZNicT2fL5ZZ5Y4e.jpg', '2025-09-16 21:55:23', '2025-09-16 21:55:23'),
(6, 6, '/storage/reviews/7GDKjYOPd131mqZ81jSrcBztB6fcnJA6osihFVEN.jpg', '2025-09-23 06:18:46', '2025-09-23 06:18:46'),
(7, 7, '/storage/reviews/196gYOzlsUYQQL5tgSwrquVpCzdXadVub1rwB4H7.jpg', '2025-09-28 18:36:22', '2025-09-28 18:36:22'),
(8, 8, '/storage/reviews/TKJWHly3BzJt86iez7QQMkrP4rMdSRPCjWGnRakX.jpg', '2025-09-30 08:35:38', '2025-09-30 08:35:38'),
(10, 11, '/storage/reviews/OC5UUpNd3Lyn0a90NBFTGS54mUejcY6JzeZ8PK3O.jpg', '2025-10-12 11:20:21', '2025-10-12 11:20:21'),
(11, 12, '/storage/reviews/ONflqVwpFZnDjEWPA0XVIwLgHjiSkMn58yv2Jh1D.jpg', '2025-10-12 17:21:46', '2025-10-12 17:21:46'),
(12, 13, '/storage/reviews/DUj6xGPI9miXvZ2PK38VDIipwkPmw62h7wywzE1K.jpg', '2025-10-12 17:43:44', '2025-10-12 17:43:44'),
(13, 14, '/storage/reviews/hrwiU0uA9j5ZsYESkZEjKi5V5PYzKZsdxH6R6wEp.jpg', '2025-10-12 18:10:07', '2025-10-12 18:10:07'),
(14, 15, '/storage/reviews/SZGbu33DlJEGU2WiwzvKSSwW6VSk5cjPl52Hla4l.jpg', '2025-10-15 02:40:05', '2025-10-15 02:40:05'),
(15, 15, '/storage/reviews/kaccfjufDQs0TEgInNYg4tQ4NrZN6ltt3p4XXhKJ.jpg', '2025-10-15 02:40:05', '2025-10-15 02:40:05'),
(16, 16, '/storage/reviews/PUgW9OQ9jp8TzhU75L6hRQ79abyvSZnNHpYMTLpv.jpg', '2025-10-15 20:14:26', '2025-10-15 20:14:26'),
(27, 30, '/storage/reviews/mqsj5ePihgn47f7MgjstsBMjrxaMBRQrhCPWhANF.jpg', '2025-10-16 23:44:15', '2025-10-16 23:44:15'),
(28, 30, '/storage/reviews/rKv11OFg5ofofHAg7Kad0Uhvn6nc0yKoofC1c474.png', '2025-10-16 23:44:15', '2025-10-16 23:44:15'),
(29, 31, '/storage/reviews/v2DMFurG3jNLTG68zrum0GqjF5ODXdywXvcXKJyt.jpg', '2025-10-17 21:39:07', '2025-10-17 21:39:07'),
(30, 32, '/storage/reviews/F2vpr5Uqv0eqsbcHa1L4H2mG3zYoLdVmx1upmzFB.jpg', '2025-10-22 18:40:12', '2025-10-22 18:40:12'),
(31, 33, '/storage/reviews/teWjWeMkizwKX8Gbc26Q1JmMIxYVi3ZJeiDY8TK8.jpg', '2025-10-22 18:41:39', '2025-10-22 18:41:39'),
(32, 34, '/storage/reviews/19TQqpCDUeRASnwcMgKHg3EBvS8kUvgZVLm8hTqs.jpg', '2025-10-22 18:44:32', '2025-10-22 18:44:32'),
(33, 35, '/storage/reviews/gO5rinHRoVGFaXJb4eNVJ22L1oBIhxU4bUFttANj.jpg', '2025-10-22 18:45:00', '2025-10-22 18:45:00'),
(34, 36, '/storage/reviews/TO7BhEeK5pF8gpI8lEqe0HTbEnuZ5IdkeL7dbE1i.jpg', '2025-10-22 18:48:35', '2025-10-22 18:48:35'),
(35, 36, '/storage/reviews/nGGzCm60a2t7XVXl4KG4mg9qooQzZd8FNdXjlKI9.jpg', '2025-10-22 18:48:35', '2025-10-22 18:48:35'),
(36, 37, '/storage/reviews/UbxKihb7Wd7tS4UWGPZ9frmmRjixh4P4ofLATOY7.jpg', '2025-10-22 18:49:47', '2025-10-22 18:49:47'),
(37, 38, '/storage/reviews/MNT8EpCjOthkKDT3golxjNuKPjwVu0xCYhbgqp5p.jpg', '2025-10-22 18:50:59', '2025-10-22 18:50:59'),
(38, 39, '/storage/reviews/eSEESYMS5uxJyGU59TavjPdqSpfZb0HAFoyGtIQa.jpg', '2025-10-22 18:51:44', '2025-10-22 18:51:44'),
(39, 40, '/storage/reviews/9ChJrDaXvUXIzgC4uxjoMK1eBpCMPMsOyyjNnIAz.jpg', '2025-10-22 18:52:20', '2025-10-22 18:52:20'),
(40, 41, '/storage/reviews/71kmam1ECgGQZONd2TTGRYQuZmhmhktgOwYypsFo.jpg', '2025-10-22 18:53:15', '2025-10-22 18:53:15'),
(41, 42, '/storage/reviews/zW9gF2wf4RB98PG39dkIN8yCxPcnM9QpMutlmyEA.jpg', '2025-10-22 18:58:03', '2025-10-22 18:58:03'),
(42, 43, '/storage/reviews/XWFauIBeyrhnMHQqMeMBkU3pkIfeuJOuryR6Sv5W.jpg', '2025-10-22 18:58:33', '2025-10-22 18:58:33'),
(43, 44, '/storage/reviews/5OiieGg1F3SKo5qcJ4hJeJqyg8RSZkG2k0x9ZdUS.jpg', '2025-10-22 18:59:12', '2025-10-22 18:59:12'),
(44, 44, '/storage/reviews/5YR4xLTOoDVm5h0RnzqJ5Z8MZlzOzh4YphqO5SXU.jpg', '2025-10-22 18:59:12', '2025-10-22 18:59:12'),
(45, 45, '/storage/reviews/4Me19GoTWvpWQZrer7V4AuwZFHCZnwhXbDK3zGtF.jpg', '2025-10-22 19:44:58', '2025-10-22 19:44:58'),
(46, 48, '/storage/reviews/n9NlJJoi1NbaHLCOKNhemWpvomA75J57LrnnhQgh.jpg', '2025-10-29 23:57:04', '2025-10-29 23:57:04'),
(47, 49, '/storage/reviews/p4OcGsnu5e7FYEk6wxgazVwWeYa13fO42jecrVjB.jpg', '2025-10-30 00:52:14', '2025-10-30 00:52:14'),
(48, 50, '/storage/reviews/r39mHAUbNlU7vNu1AIfIn38jetHwocREC8VPrZ06.jpg', '2025-10-30 01:03:00', '2025-10-30 01:03:00');

-- --------------------------------------------------------

--
-- Cấu trúc bảng cho bảng `users`
--

CREATE TABLE `users` (
  `id` bigint(20) UNSIGNED NOT NULL,
  `name` varchar(255) NOT NULL,
  `email` varchar(255) NOT NULL,
  `email_verified_at` timestamp NULL DEFAULT NULL,
  `password` varchar(255) NOT NULL,
  `remember_token` varchar(100) DEFAULT NULL,
  `created_at` timestamp NULL DEFAULT NULL,
  `updated_at` timestamp NULL DEFAULT NULL,
  `avatar` varchar(255) DEFAULT NULL
) ENGINE=InnoDB DEFAULT CHARSET=utf8mb4 COLLATE=utf8mb4_unicode_ci;

--
-- Đang đổ dữ liệu cho bảng `users`
--

INSERT INTO `users` (`id`, `name`, `email`, `email_verified_at`, `password`, `remember_token`, `created_at`, `updated_at`, `avatar`) VALUES
(1, 'Nguyen Van A', 'nguyenvana@example.com', NULL, '$2y$12$kTKkGB3Yc1/KwuGXQhQwSeWonvrANY1RvAZDRzZy2L25LjlhAxUzi', NULL, '2025-09-08 06:34:27', '2025-09-08 06:34:27', 'https://cdn1.iconfinder.com/data/icons/user-pictures/100/male3-1024.png'),
(2, 'Nguyen Van B', 'nvb12@gmail.com', NULL, '$2y$12$bYy3OOBuc.pV5GW1oHJ4h.M4KSWFYRZER.WEqh4j6v4qLjnfPhJn.', NULL, '2025-09-09 02:52:23', '2025-09-24 18:49:06', '/storage/avatars/G4UFZ8X6kNmUMPdsUKgYjC0rIffNZ2XZlQJc4kPz.jpg'),
(3, 'tnguye', 'ntt@gmail.com', NULL, '$2y$12$oCFZuOTW96oZKs2edh3gc.t8phsjU/3yJXfvL15Op1G.HQ0ZOZ1UG', NULL, '2025-09-16 22:22:25', '2025-10-29 23:55:10', '/storage/avatars/wA8xcWP0CeYbHlOvE3PTaviCrfB6USQVk9C2I9Zi.jpg'),
(4, 'Trần Thị Thu', 'tth@gmail.com', NULL, '$2y$12$430ZlpwaWx5QyQOgg4tSqeqk7./XvVjrAHqFoAnJr7Tn9Va4XdFfK', NULL, '2025-10-07 07:19:06', '2025-10-07 07:20:23', '/storage/avatars/o5Oz9MefFL6kBP5vNneph81ldPpGWQX5yD8UKINc.jpg'),
(5, 'Lê Thị C', 'lethic@gmail.com', NULL, '$2y$12$uvaGuks0c1l3GPoq444R1.0PH8j2mXfJj.lifyvhdM0BDx9x3HnHe', NULL, '2025-10-12 17:24:52', '2025-10-30 01:20:07', '/storage/avatars/MRI2YfmcJiZZcjzbkBlbgOJ7pdoKNzfsfTWhAF4q.jpg'),
(6, 'Vân Anh', 'vananh@gmail.com', NULL, '$2y$12$cIYZBelMCXcTH1nLBb.Ux.3ba4fA2xLLge/ON4Z7mUqtDc68.NVJy', NULL, '2025-10-15 19:35:57', '2025-10-15 19:35:57', NULL),
(7, 'Vương Hạc Đệ', 'vuong@gmail.com', NULL, '$2y$12$jPOUomAUPYO/sUckKHit7uuIYZAGEoIWF5iL8vg4baIascGE3F5ly', NULL, '2025-10-22 18:54:32', '2025-10-22 18:54:32', NULL),
(8, 'thuanh', 'thuanh@gmail.com', NULL, '$2y$12$S8Y7ngh95K/26Bh9.YL8mu95HuM8yj2bGf7xPhc78VilPDddc4lEy', NULL, '2025-10-29 19:31:24', '2025-10-29 19:31:24', NULL),
(9, 'ubun', 'ubun@gmail.com', NULL, '$2y$12$9B.1by0Mw2H0OwQray6P0.Fic.VV6DW4VHeyO63In1t2dRe4abBR6', NULL, '2025-10-29 20:27:58', '2025-10-29 20:27:58', NULL),
(10, 'nguyễn văn c', 'nvc@gmail.com', NULL, '$2y$12$5dA61qVPaL1jLevqZWtj7.eotJhDxNkGul9OlvB.eAj6a.y2IsOOe', NULL, '2025-10-29 23:44:35', '2025-10-30 01:47:57', '/storage/avatars/qY0s4uIpvZ7MEIorjjJzlhlcqxAetAsuuMivI8IK.jpg');

--
-- Chỉ mục cho các bảng đã đổ
--

--
-- Chỉ mục cho bảng `categories`
--
ALTER TABLE `categories`
  ADD PRIMARY KEY (`id`),
  ADD UNIQUE KEY `categories_name_unique` (`name`);

--
-- Chỉ mục cho bảng `comments`
--
ALTER TABLE `comments`
  ADD PRIMARY KEY (`id`),
  ADD KEY `comments_user_id_foreign` (`user_id`),
  ADD KEY `comments_review_id_foreign` (`review_id`);

--
-- Chỉ mục cho bảng `failed_jobs`
--
ALTER TABLE `failed_jobs`
  ADD PRIMARY KEY (`id`),
  ADD UNIQUE KEY `failed_jobs_uuid_unique` (`uuid`);

--
-- Chỉ mục cho bảng `favorites`
--
ALTER TABLE `favorites`
  ADD PRIMARY KEY (`id`),
  ADD UNIQUE KEY `favorites_user_id_restaurant_id_unique` (`user_id`,`restaurant_id`),
  ADD KEY `favorites_restaurant_id_foreign` (`restaurant_id`);

--
-- Chỉ mục cho bảng `likes`
--
ALTER TABLE `likes`
  ADD PRIMARY KEY (`id`),
  ADD UNIQUE KEY `likes_user_id_review_id_unique` (`user_id`,`review_id`),
  ADD KEY `likes_review_id_foreign` (`review_id`);

--
-- Chỉ mục cho bảng `migrations`
--
ALTER TABLE `migrations`
  ADD PRIMARY KEY (`id`);

--
-- Chỉ mục cho bảng `oauth_access_tokens`
--
ALTER TABLE `oauth_access_tokens`
  ADD PRIMARY KEY (`id`),
  ADD KEY `oauth_access_tokens_user_id_index` (`user_id`);

--
-- Chỉ mục cho bảng `oauth_auth_codes`
--
ALTER TABLE `oauth_auth_codes`
  ADD PRIMARY KEY (`id`),
  ADD KEY `oauth_auth_codes_user_id_index` (`user_id`);

--
-- Chỉ mục cho bảng `oauth_clients`
--
ALTER TABLE `oauth_clients`
  ADD PRIMARY KEY (`id`),
  ADD KEY `oauth_clients_user_id_index` (`user_id`);

--
-- Chỉ mục cho bảng `oauth_personal_access_clients`
--
ALTER TABLE `oauth_personal_access_clients`
  ADD PRIMARY KEY (`id`);

--
-- Chỉ mục cho bảng `oauth_refresh_tokens`
--
ALTER TABLE `oauth_refresh_tokens`
  ADD PRIMARY KEY (`id`),
  ADD KEY `oauth_refresh_tokens_access_token_id_index` (`access_token_id`);

--
-- Chỉ mục cho bảng `password_reset_tokens`
--
ALTER TABLE `password_reset_tokens`
  ADD PRIMARY KEY (`email`);

--
-- Chỉ mục cho bảng `personal_access_tokens`
--
ALTER TABLE `personal_access_tokens`
  ADD PRIMARY KEY (`id`),
  ADD UNIQUE KEY `personal_access_tokens_token_unique` (`token`),
  ADD KEY `personal_access_tokens_tokenable_type_tokenable_id_index` (`tokenable_type`,`tokenable_id`);

--
-- Chỉ mục cho bảng `restaurants`
--
ALTER TABLE `restaurants`
  ADD PRIMARY KEY (`id`),
  ADD KEY `restaurants_category_id_foreign` (`category_id`);

--
-- Chỉ mục cho bảng `reviews`
--
ALTER TABLE `reviews`
  ADD PRIMARY KEY (`id`),
  ADD KEY `reviews_user_id_foreign` (`user_id`),
  ADD KEY `reviews_restaurant_id_foreign` (`restaurant_id`);

--
-- Chỉ mục cho bảng `review_images`
--
ALTER TABLE `review_images`
  ADD PRIMARY KEY (`id`),
  ADD KEY `review_images_review_id_foreign` (`review_id`);

--
-- Chỉ mục cho bảng `users`
--
ALTER TABLE `users`
  ADD PRIMARY KEY (`id`),
  ADD UNIQUE KEY `users_email_unique` (`email`);

--
-- AUTO_INCREMENT cho các bảng đã đổ
--

--
-- AUTO_INCREMENT cho bảng `categories`
--
ALTER TABLE `categories`
  MODIFY `id` bigint(20) UNSIGNED NOT NULL AUTO_INCREMENT, AUTO_INCREMENT=10;

--
-- AUTO_INCREMENT cho bảng `comments`
--
ALTER TABLE `comments`
  MODIFY `id` bigint(20) UNSIGNED NOT NULL AUTO_INCREMENT, AUTO_INCREMENT=37;

--
-- AUTO_INCREMENT cho bảng `failed_jobs`
--
ALTER TABLE `failed_jobs`
  MODIFY `id` bigint(20) UNSIGNED NOT NULL AUTO_INCREMENT;

--
-- AUTO_INCREMENT cho bảng `favorites`
--
ALTER TABLE `favorites`
  MODIFY `id` bigint(20) UNSIGNED NOT NULL AUTO_INCREMENT, AUTO_INCREMENT=39;

--
-- AUTO_INCREMENT cho bảng `likes`
--
ALTER TABLE `likes`
  MODIFY `id` bigint(20) UNSIGNED NOT NULL AUTO_INCREMENT, AUTO_INCREMENT=34;

--
-- AUTO_INCREMENT cho bảng `migrations`
--
ALTER TABLE `migrations`
  MODIFY `id` int(10) UNSIGNED NOT NULL AUTO_INCREMENT, AUTO_INCREMENT=22;

--
-- AUTO_INCREMENT cho bảng `oauth_clients`
--
ALTER TABLE `oauth_clients`
  MODIFY `id` bigint(20) UNSIGNED NOT NULL AUTO_INCREMENT, AUTO_INCREMENT=3;

--
-- AUTO_INCREMENT cho bảng `oauth_personal_access_clients`
--
ALTER TABLE `oauth_personal_access_clients`
  MODIFY `id` bigint(20) UNSIGNED NOT NULL AUTO_INCREMENT, AUTO_INCREMENT=2;

--
-- AUTO_INCREMENT cho bảng `personal_access_tokens`
--
ALTER TABLE `personal_access_tokens`
  MODIFY `id` bigint(20) UNSIGNED NOT NULL AUTO_INCREMENT;

--
-- AUTO_INCREMENT cho bảng `restaurants`
--
ALTER TABLE `restaurants`
  MODIFY `id` bigint(20) UNSIGNED NOT NULL AUTO_INCREMENT, AUTO_INCREMENT=58;

--
-- AUTO_INCREMENT cho bảng `reviews`
--
ALTER TABLE `reviews`
  MODIFY `id` bigint(20) UNSIGNED NOT NULL AUTO_INCREMENT, AUTO_INCREMENT=51;

--
-- AUTO_INCREMENT cho bảng `review_images`
--
ALTER TABLE `review_images`
  MODIFY `id` bigint(20) UNSIGNED NOT NULL AUTO_INCREMENT, AUTO_INCREMENT=49;

--
-- AUTO_INCREMENT cho bảng `users`
--
ALTER TABLE `users`
  MODIFY `id` bigint(20) UNSIGNED NOT NULL AUTO_INCREMENT, AUTO_INCREMENT=11;

--
-- Các ràng buộc cho các bảng đã đổ
--

--
-- Các ràng buộc cho bảng `comments`
--
ALTER TABLE `comments`
  ADD CONSTRAINT `comments_review_id_foreign` FOREIGN KEY (`review_id`) REFERENCES `reviews` (`id`) ON DELETE CASCADE,
  ADD CONSTRAINT `comments_user_id_foreign` FOREIGN KEY (`user_id`) REFERENCES `users` (`id`) ON DELETE CASCADE;

--
-- Các ràng buộc cho bảng `favorites`
--
ALTER TABLE `favorites`
  ADD CONSTRAINT `favorites_restaurant_id_foreign` FOREIGN KEY (`restaurant_id`) REFERENCES `restaurants` (`id`) ON DELETE CASCADE,
  ADD CONSTRAINT `favorites_user_id_foreign` FOREIGN KEY (`user_id`) REFERENCES `users` (`id`) ON DELETE CASCADE;

--
-- Các ràng buộc cho bảng `likes`
--
ALTER TABLE `likes`
  ADD CONSTRAINT `likes_review_id_foreign` FOREIGN KEY (`review_id`) REFERENCES `reviews` (`id`) ON DELETE CASCADE,
  ADD CONSTRAINT `likes_user_id_foreign` FOREIGN KEY (`user_id`) REFERENCES `users` (`id`) ON DELETE CASCADE;

--
-- Các ràng buộc cho bảng `restaurants`
--
ALTER TABLE `restaurants`
  ADD CONSTRAINT `restaurants_category_id_foreign` FOREIGN KEY (`category_id`) REFERENCES `categories` (`id`) ON DELETE CASCADE;

--
-- Các ràng buộc cho bảng `reviews`
--
ALTER TABLE `reviews`
  ADD CONSTRAINT `reviews_restaurant_id_foreign` FOREIGN KEY (`restaurant_id`) REFERENCES `restaurants` (`id`) ON DELETE CASCADE,
  ADD CONSTRAINT `reviews_user_id_foreign` FOREIGN KEY (`user_id`) REFERENCES `users` (`id`) ON DELETE CASCADE;

--
-- Các ràng buộc cho bảng `review_images`
--
ALTER TABLE `review_images`
  ADD CONSTRAINT `review_images_review_id_foreign` FOREIGN KEY (`review_id`) REFERENCES `reviews` (`id`) ON DELETE CASCADE;
COMMIT;

/*!40101 SET CHARACTER_SET_CLIENT=@OLD_CHARACTER_SET_CLIENT */;
/*!40101 SET CHARACTER_SET_RESULTS=@OLD_CHARACTER_SET_RESULTS */;
/*!40101 SET COLLATION_CONNECTION=@OLD_COLLATION_CONNECTION */;
